-- Seed data for travel_buddy
-- Assumes schema from create_db_tables.sql has been created.
USE travel_buddy;
-- =======================
-- user rows
-- =======================
INSERT INTO user (user_id, name, email, password_hash, birthdate) VALUES (1, 'Allison Hill', 'jillrhodes@miller.com', 'af738b28e0a93deae4483d186d93ab0ae1300f80dbd1bf73b8b367a58cb3cb4b', '1995-09-05');
INSERT INTO user (user_id, name, email, password_hash, birthdate) VALUES (2, 'Cristian Santos', 'shaneramirez@gmail.com', 'f3293232dc4f6f82f27fcb1f5bdf4517cd40e79a4f79ddd795c7d117d36557f3', '1965-07-29');
INSERT INTO user (user_id, name, email, password_hash, birthdate) VALUES (3, 'Gina Moore', 'daviscolin@yahoo.com', '33e3f996588677ce376555d9705c6a4e0783924ef7b0f92b335fa735c429b4a7', '1957-08-31');
INSERT INTO user (user_id, name, email, password_hash, birthdate) VALUES (4, 'Kimberly Dudley', 'arnoldmaria@hotmail.com', '40f162b663df0eb38e907f235ea9e432809a00d97a969444ef4cc84eb3e16927', '1979-04-27');
INSERT INTO user (user_id, name, email, password_hash, birthdate) VALUES (5, 'Michele Williams', 'tracie31@ramirez-reid.com', 'd4b196b5cd9f19ce309caa8db9b07a56eec5076a3728092d52d18e7b58de0d78', '1978-11-20');
INSERT INTO user (user_id, name, email, password_hash, birthdate) VALUES (6, 'Derek Zuniga', 'amandasanchez@gray-mayo.net', '06b21c08138098ffadc9fcfa075f38a7e9e4372e0d3cb8674dc8a32d352ace05', '1976-10-11');
INSERT INTO user (user_id, name, email, password_hash, birthdate) VALUES (7, 'Patty Perez', 'richard13@walter.biz', '8bab06b75ea1b6d9d5d6ebb813d2ee54e55dee4cc38f4f7a33c32438ad4086f9', '1998-06-16');
INSERT INTO user (user_id, name, email, password_hash, birthdate) VALUES (8, 'Derek Wright', 'zhurst@yahoo.com', '528a0ba6937407022a0b6ab2b585d67c2d34910b599f40a76b083229b39904be', '1964-02-15');
INSERT INTO user (user_id, name, email, password_hash, birthdate) VALUES (9, 'Ann Williams', 'courtneyconner@carlson-cruz.org', '561f847647774cc1bf4a600d5f412a15ecb011a5ea830076e96a78acada469e1', '1990-09-19');
INSERT INTO user (user_id, name, email, password_hash, birthdate) VALUES (10, 'Juan Dunlap', 'kayla51@graham-chavez.com', '869f59ba80f7ddebc5e783f2031b0921e505a7810ee71c9d27ac63b46eda8227', '2006-07-24');
INSERT INTO user (user_id, name, email, password_hash, birthdate) VALUES (11, 'Thomas Harrell', 'ericfarmer@hotmail.com', 'beae37ac789535f7cee792493bc81f78c9400a22f73183e6c8e5cca9ce50cfdd', '1990-10-20');
INSERT INTO user (user_id, name, email, password_hash, birthdate) VALUES (12, 'Linda Burns', 'natasha43@allen.com', '0dd2b3752d462dc54fd19c5d455f191db04c757a7abf0401213f49600ec0a8d1', '1987-10-13');
INSERT INTO user (user_id, name, email, password_hash, birthdate) VALUES (13, 'Vanessa Patel', 'donnaarroyo@baker.biz', 'ee812f64f9dfc12ca46bb74d063aeefa350a914638c212e8580f0e96f0a403d7', '1991-05-30');
INSERT INTO user (user_id, name, email, password_hash, birthdate) VALUES (14, 'Melissa Marquez', 'samuel87@gmail.com', '0df9731ff6cf9f9e8f6ef50977663da4e1346d9c019d8f3ad75ef9d8c8ceb5b0', '1959-01-25');
INSERT INTO user (user_id, name, email, password_hash, birthdate) VALUES (15, 'Kevin Hall', 'jonescrystal@jones.com', '3436965836d671702082f5d5b210d3c0613393dd22099438136f964356534c05', '1970-11-27');
INSERT INTO user (user_id, name, email, password_hash, birthdate) VALUES (16, 'John Ryan', 'kristenaguirre@gmail.com', 'd1535114f0f71fea4592fbab95dcd6c0759257684b89e0c8bc80859454312ad3', '1999-07-22');
INSERT INTO user (user_id, name, email, password_hash, birthdate) VALUES (17, 'Jeff Owens', 'brownjessica@wright.net', '20a872b8c9b0db8dce86954f4d9357d44e1910fba621feeaf2544f39dfe8a25c', '1983-06-02');
INSERT INTO user (user_id, name, email, password_hash, birthdate) VALUES (18, 'Joel Baxter', 'jmorton@williams.com', 'c7851c0f1530640d469066362549c79ff9663512e68519975f1389a37198061e', '2005-12-27');
INSERT INTO user (user_id, name, email, password_hash, birthdate) VALUES (19, 'Carol Tucker', 'kbarrera@smith-myers.info', '7b308ffa1ed446a0ed87fe1a06770e0a1c8231fca309d82603740e5e551c63a1', '2002-02-10');
INSERT INTO user (user_id, name, email, password_hash, birthdate) VALUES (20, 'Whitney Peters', 'jamesrobinson@gmail.com', '3ef7ffcd0f61dfe0952cff46d4213565733ab109e96129b272a6c3cc7a355f4a', '1991-08-10');
INSERT INTO user (user_id, name, email, password_hash, birthdate) VALUES (21, 'Erik Williams', 'brianromero@gmail.com', '1f08483864cf95da973af5c9f9050fa2b7bb0c15d730dcfb6d070d8e5e563214', '1959-05-03');
INSERT INTO user (user_id, name, email, password_hash, birthdate) VALUES (22, 'Cynthia Wilson', 'harveyrobert@cunningham.com', '73ed167b935c625b233b952c37a7806e36be9a6a96f6048455436b3953143033', '1981-08-23');
INSERT INTO user (user_id, name, email, password_hash, birthdate) VALUES (23, 'Matthew Bryant', 'ellisyolanda@jones.net', '8b124a42d3eeb70314712b3e1cd4bb408059dce0dc3e35c34b552b69d04e9512', '1978-06-17');
INSERT INTO user (user_id, name, email, password_hash, birthdate) VALUES (24, 'Sherry Wood', 'tbass@carr-archer.net', '18b3cfa4df9d496a842ad93ed7bf7e95d659ef5915efd4d51626e1aad5f9e5f3', '1992-06-13');
INSERT INTO user (user_id, name, email, password_hash, birthdate) VALUES (25, 'Matthew Mcmillan', 'darrell18@nelson.com', 'ce9a588574674e0e04b212eeeeb95d0f7af041f87c85c1117057f3ab506317e8', '1968-07-25');
INSERT INTO user (user_id, name, email, password_hash, birthdate) VALUES (26, 'Sarah Wagner', 'davisrodney@yahoo.com', '5941a74f3096328368f9fb45e014298c1d8858b034b2488831d5a3a08057b149', '1977-05-29');
INSERT INTO user (user_id, name, email, password_hash, birthdate) VALUES (27, 'Mandy Green', 'hhoffman@gmail.com', '7d4ac77986d3a2c66a605ea641d231e8cfc3edca864dcdf0e4521ae7eedf19af', '2001-09-25');
INSERT INTO user (user_id, name, email, password_hash, birthdate) VALUES (28, 'Kimberly Davenport', 'tanderson@nolan-flynn.com', '9eb243cb4f34c9b60fe0bab9ce4c7c23cf3627ddfccf28cb0cacaa601fb16003', '1969-01-02');
INSERT INTO user (user_id, name, email, password_hash, birthdate) VALUES (29, 'Mary Gomez', 'sarayoung@gmail.com', 'e84303888d739510bf26246c32123cbb12854ef01511d54360615518a1526720', '1966-10-04');
INSERT INTO user (user_id, name, email, password_hash, birthdate) VALUES (30, 'Allison Doyle', 'vpham@gmail.com', '9f945d9f0b5f0d334f915932aef318a81eca9828a238189e1d62a5b9b2e95380', '2002-06-07');

-- =======================
-- destination rows
-- =======================
INSERT INTO destination (destination_id, name, address, zip_code, city, state, country, longitude, latitude) VALUES (1, 'Eiffel Tower', 'Champ de Mars', '75007', 'Paris', '', 'France', NULL, NULL);
INSERT INTO destination (destination_id, name, address, zip_code, city, state, country, longitude, latitude) VALUES (2, 'Statue of Liberty', 'Liberty Island', '10004', 'New York', 'NY', 'USA', NULL, NULL);
INSERT INTO destination (destination_id, name, address, zip_code, city, state, country, longitude, latitude) VALUES (3, 'Great Wall', 'Huairou', '', 'Beijing', '', 'China', NULL, NULL);
INSERT INTO destination (destination_id, name, address, zip_code, city, state, country, longitude, latitude) VALUES (4, 'Sydney Opera House', 'Bennelong Point', '2000', 'Sydney', 'NSW', 'Australia', NULL, NULL);
INSERT INTO destination (destination_id, name, address, zip_code, city, state, country, longitude, latitude) VALUES (5, 'Christ the Redeemer', 'Parque Nacional da Tijuca', '22241-125', 'Rio de Janeiro', 'RJ', 'Brazil', NULL, NULL);
INSERT INTO destination (destination_id, name, address, zip_code, city, state, country, longitude, latitude) VALUES (6, 'Machu Picchu', '', '', 'Cusco Region', '', 'Peru', NULL, NULL);
INSERT INTO destination (destination_id, name, address, zip_code, city, state, country, longitude, latitude) VALUES (7, 'Pyramids of Giza', '', '', 'Giza', '', 'Egypt', NULL, NULL);
INSERT INTO destination (destination_id, name, address, zip_code, city, state, country, longitude, latitude) VALUES (8, 'Mount Fuji', '', '403-0005', 'Fujiyoshida', 'Yamanashi', 'Japan', NULL, NULL);
INSERT INTO destination (destination_id, name, address, zip_code, city, state, country, longitude, latitude) VALUES (9, 'Santorini', '', '84700', 'Santorini', 'Cyclades', 'Greece', NULL, NULL);
INSERT INTO destination (destination_id, name, address, zip_code, city, state, country, longitude, latitude) VALUES (10, 'Banff National Park', '', 'T1L', 'Banff', 'Alberta', 'Canada', NULL, NULL);
INSERT INTO destination (destination_id, name, address, zip_code, city, state, country, longitude, latitude) VALUES (11, 'Table Mountain', '', '8001', 'Cape Town', 'Western Cape', 'South Africa', NULL, NULL);
INSERT INTO destination (destination_id, name, address, zip_code, city, state, country, longitude, latitude) VALUES (12, 'Taj Mahal', '', '282001', 'Agra', 'Uttar Pradesh', 'India', NULL, NULL);
INSERT INTO destination (destination_id, name, address, zip_code, city, state, country, longitude, latitude) VALUES (13, 'Angkor Wat', '', '17252', 'Siem Reap', '', 'Cambodia', NULL, NULL);
INSERT INTO destination (destination_id, name, address, zip_code, city, state, country, longitude, latitude) VALUES (14, 'Uluru', '', '0872', 'Uluru', 'NT', 'Australia', NULL, NULL);
INSERT INTO destination (destination_id, name, address, zip_code, city, state, country, longitude, latitude) VALUES (15, 'Petra', '', '', 'Wadi Musa', '', 'Jordan', NULL, NULL);
INSERT INTO destination (destination_id, name, address, zip_code, city, state, country, longitude, latitude) VALUES (16, 'Grand Canyon', '', '86023', 'Grand Canyon', 'AZ', 'USA', NULL, NULL);
INSERT INTO destination (destination_id, name, address, zip_code, city, state, country, longitude, latitude) VALUES (17, 'Iguazu Falls', '', '', 'Foz do Iguaçu', 'PR', 'Brazil', NULL, NULL);
INSERT INTO destination (destination_id, name, address, zip_code, city, state, country, longitude, latitude) VALUES (18, 'Salar de Uyuni', '', '', 'Uyuni', 'Potosí', 'Bolivia', NULL, NULL);
INSERT INTO destination (destination_id, name, address, zip_code, city, state, country, longitude, latitude) VALUES (19, 'Hallstatt', '', '4830', 'Hallstatt', 'Upper Austria', 'Austria', NULL, NULL);
INSERT INTO destination (destination_id, name, address, zip_code, city, state, country, longitude, latitude) VALUES (20, 'Cinque Terre', '', '19017', 'Riomaggiore', 'Liguria', 'Italy', NULL, NULL);
INSERT INTO destination (destination_id, name, address, zip_code, city, state, country, longitude, latitude) VALUES (21, 'Reykjavík Blue Lagoon', '', '240', 'Grindavík', '', 'Iceland', NULL, NULL);
INSERT INTO destination (destination_id, name, address, zip_code, city, state, country, longitude, latitude) VALUES (22, 'Bali Ubud', '', '80571', 'Ubud', 'Bali', 'Indonesia', NULL, NULL);
INSERT INTO destination (destination_id, name, address, zip_code, city, state, country, longitude, latitude) VALUES (23, 'Phuket Old Town', '', '83000', 'Phuket', '', 'Thailand', NULL, NULL);
INSERT INTO destination (destination_id, name, address, zip_code, city, state, country, longitude, latitude) VALUES (24, 'Queenstown', '', '9300', 'Queenstown', 'Otago', 'New Zealand', NULL, NULL);
INSERT INTO destination (destination_id, name, address, zip_code, city, state, country, longitude, latitude) VALUES (25, 'Zermatt', '', '3920', 'Zermatt', 'Valais', 'Switzerland', NULL, NULL);
INSERT INTO destination (destination_id, name, address, zip_code, city, state, country, longitude, latitude) VALUES (26, 'Dubai Burj Khalifa', '1 Sheikh Mohammed bin Rashid Blvd', '00000', 'Dubai', '', 'UAE', NULL, NULL);
INSERT INTO destination (destination_id, name, address, zip_code, city, state, country, longitude, latitude) VALUES (27, 'Hanoi Old Quarter', '', '100000', 'Hanoi', '', 'Vietnam', NULL, NULL);
INSERT INTO destination (destination_id, name, address, zip_code, city, state, country, longitude, latitude) VALUES (28, 'Lisbon Alfama', '', '1100-585', 'Lisbon', '', 'Portugal', NULL, NULL);

-- =======================
-- trip rows
-- =======================
INSERT INTO trip (trip_id, owner_id, max_buddies, start_date, end_date, description) VALUES (1, 1, 1, '2025-06-17', '2025-06-25', 'Group of friends planning a cultural trip.');
INSERT INTO trip (trip_id, owner_id, max_buddies, start_date, end_date, description) VALUES (2, 1, 4, '2026-08-18', '2026-08-30', 'Backpacking trip, anyone interested to share costs?');
INSERT INTO trip (trip_id, owner_id, max_buddies, start_date, end_date, description) VALUES (3, 1, 9, '2025-03-02', '2025-03-10', 'Solo traveler seeking adventure buddies!');
INSERT INTO trip (trip_id, owner_id, max_buddies, start_date, end_date, description) VALUES (4, 2, 1, '2027-01-02', '2027-01-20', 'we are a family of 5, looking for travel companions...');
INSERT INTO trip (trip_id, owner_id, max_buddies, start_date, end_date, description) VALUES (5, 2, 4, '2025-12-12', '2025-12-19', 'Couple exploring new destinations, happy to meet fellow travelers.');
INSERT INTO trip (trip_id, owner_id, max_buddies, start_date, end_date, description) VALUES (6, 2, 9, '2025-11-07', '2025-11-12', 'Couple exploring new destinations, happy to meet fellow travelers.');
INSERT INTO trip (trip_id, owner_id, max_buddies, start_date, end_date, description) VALUES (7, 3, 4, '2026-12-17', '2027-01-04', 'Hiking and nature, moderate pace, friendly vibes.');
INSERT INTO trip (trip_id, owner_id, max_buddies, start_date, end_date, description) VALUES (8, 3, 1, '2026-06-28', '2026-07-11', 'Backpacking trip, anyone interested to share costs?');
INSERT INTO trip (trip_id, owner_id, max_buddies, start_date, end_date, description) VALUES (9, 3, 6, '2026-04-20', '2026-05-08', 'Group of friends planning a cultural trip.');
INSERT INTO trip (trip_id, owner_id, max_buddies, start_date, end_date, description) VALUES (10, 4, 6, '2025-12-20', '2025-12-31', 'Solo traveler seeking adventure buddies!');
INSERT INTO trip (trip_id, owner_id, max_buddies, start_date, end_date, description) VALUES (11, 5, 2, '2025-12-13', '2025-12-30', 'Foodie tour—street food and local markets, join us!');
INSERT INTO trip (trip_id, owner_id, max_buddies, start_date, end_date, description) VALUES (12, 6, 1, '2025-02-06', '2025-02-19', 'Hiking and nature, moderate pace, friendly vibes.');
INSERT INTO trip (trip_id, owner_id, max_buddies, start_date, end_date, description) VALUES (13, 6, 7, '2027-10-23', '2027-10-31', 'Solo traveler seeking adventure buddies!');
INSERT INTO trip (trip_id, owner_id, max_buddies, start_date, end_date, description) VALUES (14, 7, 10, '2025-10-28', '2025-11-11', 'Foodie tour—street food and local markets, join us!');
INSERT INTO trip (trip_id, owner_id, max_buddies, start_date, end_date, description) VALUES (15, 7, 2, '2026-09-11', '2026-09-22', 'we are a family of 5, looking for travel companions...');
INSERT INTO trip (trip_id, owner_id, max_buddies, start_date, end_date, description) VALUES (16, 7, 5, '2026-05-25', '2026-06-06', 'Solo traveler seeking adventure buddies!');
INSERT INTO trip (trip_id, owner_id, max_buddies, start_date, end_date, description) VALUES (17, 8, 7, '2026-03-09', '2026-03-17', 'Group of friends planning a cultural trip.');
INSERT INTO trip (trip_id, owner_id, max_buddies, start_date, end_date, description) VALUES (18, 9, 3, '2025-04-18', '2025-05-04', 'Foodie tour—street food and local markets, join us!');
INSERT INTO trip (trip_id, owner_id, max_buddies, start_date, end_date, description) VALUES (19, 9, 4, '2026-03-10', '2026-03-26', 'Group of friends planning a cultural trip.');
INSERT INTO trip (trip_id, owner_id, max_buddies, start_date, end_date, description) VALUES (20, 10, 10, '2026-06-30', '2026-07-07', 'Backpacking trip, anyone interested to share costs?');
INSERT INTO trip (trip_id, owner_id, max_buddies, start_date, end_date, description) VALUES (21, 10, 3, '2027-09-24', '2027-10-06', 'Hiking and nature, moderate pace, friendly vibes.');
INSERT INTO trip (trip_id, owner_id, max_buddies, start_date, end_date, description) VALUES (22, 10, 5, '2027-03-03', '2027-03-20', 'Remote work & travel month—co-working welcome.');
INSERT INTO trip (trip_id, owner_id, max_buddies, start_date, end_date, description) VALUES (23, 11, 1, '2026-09-13', '2026-09-28', 'Couple exploring new destinations, happy to meet fellow travelers.');
INSERT INTO trip (trip_id, owner_id, max_buddies, start_date, end_date, description) VALUES (24, 12, 7, '2027-11-22', '2027-12-07', 'Group of friends planning a cultural trip.');
INSERT INTO trip (trip_id, owner_id, max_buddies, start_date, end_date, description) VALUES (25, 13, 10, '2027-04-13', '2027-04-24', 'Foodie tour—street food and local markets, join us!');
INSERT INTO trip (trip_id, owner_id, max_buddies, start_date, end_date, description) VALUES (26, 14, 7, '2026-05-30', '2026-06-19', 'Hiking and nature, moderate pace, friendly vibes.');
INSERT INTO trip (trip_id, owner_id, max_buddies, start_date, end_date, description) VALUES (27, 15, 3, '2025-02-12', '2025-02-25', 'Couple exploring new destinations, happy to meet fellow travelers.');
INSERT INTO trip (trip_id, owner_id, max_buddies, start_date, end_date, description) VALUES (28, 16, 10, '2025-06-29', '2025-07-12', 'Photography-focused trip; early sunrises expected.');
INSERT INTO trip (trip_id, owner_id, max_buddies, start_date, end_date, description) VALUES (29, 16, 6, '2026-02-10', '2026-02-27', 'Couple exploring new destinations, happy to meet fellow travelers.');
INSERT INTO trip (trip_id, owner_id, max_buddies, start_date, end_date, description) VALUES (30, 16, 9, '2025-10-05', '2025-10-14', 'Hiking and nature, moderate pace, friendly vibes.');
INSERT INTO trip (trip_id, owner_id, max_buddies, start_date, end_date, description) VALUES (31, 17, 2, '2027-06-21', '2027-06-27', 'Backpacking trip, anyone interested to share costs?');
INSERT INTO trip (trip_id, owner_id, max_buddies, start_date, end_date, description) VALUES (32, 18, 7, '2026-02-17', '2026-02-27', 'First-time visiting, open to tips and companions.');
INSERT INTO trip (trip_id, owner_id, max_buddies, start_date, end_date, description) VALUES (33, 18, 7, '2025-03-01', '2025-03-08', 'Photography-focused trip; early sunrises expected.');
INSERT INTO trip (trip_id, owner_id, max_buddies, start_date, end_date, description) VALUES (34, 18, 9, '2025-06-18', '2025-07-07', 'Group of friends planning a cultural trip.');
INSERT INTO trip (trip_id, owner_id, max_buddies, start_date, end_date, description) VALUES (35, 19, 2, '2027-07-16', '2027-07-21', 'Remote work & travel month—co-working welcome.');
INSERT INTO trip (trip_id, owner_id, max_buddies, start_date, end_date, description) VALUES (36, 19, 6, '2026-11-07', '2026-11-20', 'Solo traveler seeking adventure buddies!');
INSERT INTO trip (trip_id, owner_id, max_buddies, start_date, end_date, description) VALUES (37, 19, 7, '2026-06-22', '2026-07-06', 'Backpacking trip, anyone interested to share costs?');
INSERT INTO trip (trip_id, owner_id, max_buddies, start_date, end_date, description) VALUES (38, 20, 5, '2026-05-03', '2026-05-08', 'Remote work & travel month—co-working welcome.');
INSERT INTO trip (trip_id, owner_id, max_buddies, start_date, end_date, description) VALUES (39, 20, 9, '2026-11-09', '2026-11-19', 'Solo traveler seeking adventure buddies!');
INSERT INTO trip (trip_id, owner_id, max_buddies, start_date, end_date, description) VALUES (40, 21, 9, '2027-07-31', '2027-08-14', 'First-time visiting, open to tips and companions.');
INSERT INTO trip (trip_id, owner_id, max_buddies, start_date, end_date, description) VALUES (41, 21, 3, '2027-03-06', '2027-03-17', 'Foodie tour—street food and local markets, join us!');
INSERT INTO trip (trip_id, owner_id, max_buddies, start_date, end_date, description) VALUES (42, 21, 9, '2025-06-29', '2025-07-09', 'Remote work & travel month—co-working welcome.');
INSERT INTO trip (trip_id, owner_id, max_buddies, start_date, end_date, description) VALUES (43, 22, 8, '2026-08-22', '2026-09-06', 'we are a family of 5, looking for travel companions...');
INSERT INTO trip (trip_id, owner_id, max_buddies, start_date, end_date, description) VALUES (44, 23, 5, '2027-06-15', '2027-07-01', 'Couple exploring new destinations, happy to meet fellow travelers.');
INSERT INTO trip (trip_id, owner_id, max_buddies, start_date, end_date, description) VALUES (45, 24, 10, '2025-10-23', '2025-11-04', 'Solo traveler seeking adventure buddies!');
INSERT INTO trip (trip_id, owner_id, max_buddies, start_date, end_date, description) VALUES (46, 25, 2, '2026-01-31', '2026-02-20', 'Remote work & travel month—co-working welcome.');
INSERT INTO trip (trip_id, owner_id, max_buddies, start_date, end_date, description) VALUES (47, 26, 8, '2025-03-10', '2025-03-19', 'Remote work & travel month—co-working welcome.');
INSERT INTO trip (trip_id, owner_id, max_buddies, start_date, end_date, description) VALUES (48, 27, 9, '2026-11-09', '2026-11-22', 'First-time visiting, open to tips and companions.');
INSERT INTO trip (trip_id, owner_id, max_buddies, start_date, end_date, description) VALUES (49, 28, 9, '2025-01-03', '2025-01-14', 'Couple exploring new destinations, happy to meet fellow travelers.');
INSERT INTO trip (trip_id, owner_id, max_buddies, start_date, end_date, description) VALUES (50, 28, 7, '2027-03-19', '2027-04-02', 'Foodie tour—street food and local markets, join us!');
INSERT INTO trip (trip_id, owner_id, max_buddies, start_date, end_date, description) VALUES (51, 29, 2, '2027-04-17', '2027-05-06', 'Couple exploring new destinations, happy to meet fellow travelers.');
INSERT INTO trip (trip_id, owner_id, max_buddies, start_date, end_date, description) VALUES (52, 29, 2, '2027-12-03', '2027-12-15', 'Foodie tour—street food and local markets, join us!');
INSERT INTO trip (trip_id, owner_id, max_buddies, start_date, end_date, description) VALUES (53, 30, 10, '2027-11-08', '2027-11-20', 'Couple exploring new destinations, happy to meet fellow travelers.');

-- =======================
-- itinerary rows
-- =======================
INSERT INTO itinerary (trip_destination_id, destination_id, trip_id, start_date, end_date, sequence_number, description) VALUES (1, 3, 1, '2025-06-17', '2025-06-19', 1, 'Hair attorney professional form finish summer rest feel finally impact.');
INSERT INTO itinerary (trip_destination_id, destination_id, trip_id, start_date, end_date, sequence_number, description) VALUES (2, 23, 1, '2025-06-20', '2025-06-23', 2, 'Recent never court professor here security community notice image street fight decision size.');
INSERT INTO itinerary (trip_destination_id, destination_id, trip_id, start_date, end_date, sequence_number, description) VALUES (3, 2, 2, '2026-08-18', '2026-08-22', 1, 'Pressure let kind degree list top somebody college be middle plan friend stand seem pull different.');
INSERT INTO itinerary (trip_destination_id, destination_id, trip_id, start_date, end_date, sequence_number, description) VALUES (4, 28, 2, '2026-08-23', '2026-08-25', 2, 'Challenge animal worker particularly shoulder lay though offer responsibility himself.');
INSERT INTO itinerary (trip_destination_id, destination_id, trip_id, start_date, end_date, sequence_number, description) VALUES (5, 8, 3, '2025-03-02', '2025-03-05', 1, 'During prevent accept seem show blood interesting compare when military anyone eat summer.');
INSERT INTO itinerary (trip_destination_id, destination_id, trip_id, start_date, end_date, sequence_number, description) VALUES (6, 9, 3, '2025-03-06', '2025-03-10', 2, 'Card let most next fish sense kind spring throughout interview trade knowledge city technology.');
INSERT INTO itinerary (trip_destination_id, destination_id, trip_id, start_date, end_date, sequence_number, description) VALUES (7, 24, 4, '2027-01-02', '2027-01-08', 1, 'Else easy point she miss phone ever back experience even floor music catch discuss.');
INSERT INTO itinerary (trip_destination_id, destination_id, trip_id, start_date, end_date, sequence_number, description) VALUES (8, 19, 4, '2027-01-09', '2027-01-14', 2, 'Relationship ask imagine my indeed deal information toward once.');
INSERT INTO itinerary (trip_destination_id, destination_id, trip_id, start_date, end_date, sequence_number, description) VALUES (9, 26, 5, '2025-12-12', '2025-12-17', 1, 'Task she herself accept goal send table.');
INSERT INTO itinerary (trip_destination_id, destination_id, trip_id, start_date, end_date, sequence_number, description) VALUES (10, 16, 5, '2025-12-18', '2025-12-19', 2, 'Mrs same son today major event magazine home protect something right subject try.');
INSERT INTO itinerary (trip_destination_id, destination_id, trip_id, start_date, end_date, sequence_number, description) VALUES (11, 4, 6, '2025-11-07', '2025-11-12', 1, 'Move trade option production base investment term consider employee force lawyer front they everything week instead.');
INSERT INTO itinerary (trip_destination_id, destination_id, trip_id, start_date, end_date, sequence_number, description) VALUES (12, 14, 7, '2026-12-17', '2026-12-19', 1, 'Like see appear weight difference attention whatever American.');
INSERT INTO itinerary (trip_destination_id, destination_id, trip_id, start_date, end_date, sequence_number, description) VALUES (13, 15, 7, '2026-12-20', '2026-12-22', 2, 'Wear current after charge call prove nor.');
INSERT INTO itinerary (trip_destination_id, destination_id, trip_id, start_date, end_date, sequence_number, description) VALUES (14, 28, 7, '2026-12-23', '2026-12-25', 3, 'Let eight hard paper white responsibility sing clearly find official.');
INSERT INTO itinerary (trip_destination_id, destination_id, trip_id, start_date, end_date, sequence_number, description) VALUES (15, 24, 8, '2026-06-28', '2026-06-30', 1, 'Office traditional heart walk cup option store drug recent feeling range.');
INSERT INTO itinerary (trip_destination_id, destination_id, trip_id, start_date, end_date, sequence_number, description) VALUES (16, 11, 8, '2026-07-01', '2026-07-04', 2, 'Someone not American mouth product attention positive actually information.');
INSERT INTO itinerary (trip_destination_id, destination_id, trip_id, start_date, end_date, sequence_number, description) VALUES (17, 26, 8, '2026-07-05', '2026-07-08', 3, 'Black whether player stock religious itself safe whole establish space Mrs low itself room.');
INSERT INTO itinerary (trip_destination_id, destination_id, trip_id, start_date, end_date, sequence_number, description) VALUES (18, 18, 9, '2026-04-20', '2026-04-23', 1, 'Focus early various everything late seek now property from management foot.');
INSERT INTO itinerary (trip_destination_id, destination_id, trip_id, start_date, end_date, sequence_number, description) VALUES (19, 15, 9, '2026-04-24', '2026-04-29', 2, 'Deep something future they red everybody act way beat result major serve real position.');
INSERT INTO itinerary (trip_destination_id, destination_id, trip_id, start_date, end_date, sequence_number, description) VALUES (20, 9, 10, '2025-12-20', '2025-12-23', 1, 'Large admit family identify during professional hard network gas you nearly goal law fill.');
INSERT INTO itinerary (trip_destination_id, destination_id, trip_id, start_date, end_date, sequence_number, description) VALUES (21, 15, 10, '2025-12-24', '2025-12-26', 2, 'Building court build movie several continue describe machine right with.');
INSERT INTO itinerary (trip_destination_id, destination_id, trip_id, start_date, end_date, sequence_number, description) VALUES (22, 26, 11, '2025-12-13', '2025-12-15', 1, 'Others wonder strategy fast guess few remain call animal approach factor want point sell bill.');
INSERT INTO itinerary (trip_destination_id, destination_id, trip_id, start_date, end_date, sequence_number, description) VALUES (23, 28, 11, '2025-12-16', '2025-12-18', 2, 'Off light key continue anything wait local.');
INSERT INTO itinerary (trip_destination_id, destination_id, trip_id, start_date, end_date, sequence_number, description) VALUES (24, 18, 11, '2025-12-19', '2025-12-25', 3, 'Husband available picture approach chance none fight yes.');
INSERT INTO itinerary (trip_destination_id, destination_id, trip_id, start_date, end_date, sequence_number, description) VALUES (25, 3, 12, '2025-02-06', '2025-02-09', 1, 'Newspaper indicate other peace simply herself training father open.');
INSERT INTO itinerary (trip_destination_id, destination_id, trip_id, start_date, end_date, sequence_number, description) VALUES (26, 25, 12, '2025-02-10', '2025-02-13', 2, 'Figure perform participant science way debate decision produce church community avoid able late.');
INSERT INTO itinerary (trip_destination_id, destination_id, trip_id, start_date, end_date, sequence_number, description) VALUES (27, 16, 13, '2027-10-23', '2027-10-28', 1, 'Like allow explain executive teacher author do enough social operation sound cup boy different chance enter.');
INSERT INTO itinerary (trip_destination_id, destination_id, trip_id, start_date, end_date, sequence_number, description) VALUES (28, 7, 13, '2027-10-29', '2027-10-31', 2, 'Author coach film see notice eye buy read record.');
INSERT INTO itinerary (trip_destination_id, destination_id, trip_id, start_date, end_date, sequence_number, description) VALUES (29, 13, 14, '2025-10-28', '2025-11-02', 1, 'Matter management ball always it focus economy before while structure offer.');
INSERT INTO itinerary (trip_destination_id, destination_id, trip_id, start_date, end_date, sequence_number, description) VALUES (30, 1, 14, '2025-11-03', '2025-11-07', 2, 'Yourself public especially American series like prepare.');
INSERT INTO itinerary (trip_destination_id, destination_id, trip_id, start_date, end_date, sequence_number, description) VALUES (31, 10, 15, '2026-09-11', '2026-09-17', 1, 'Consider one play man before girl four prove tax form really.');
INSERT INTO itinerary (trip_destination_id, destination_id, trip_id, start_date, end_date, sequence_number, description) VALUES (32, 14, 15, '2026-09-18', '2026-09-22', 2, 'Production hundred set already because education break significant ten stay ability.');
INSERT INTO itinerary (trip_destination_id, destination_id, trip_id, start_date, end_date, sequence_number, description) VALUES (33, 7, 16, '2026-05-25', '2026-05-28', 1, 'Left approach million performance material kind appear environment capital explain thing machine ahead picture son.');
INSERT INTO itinerary (trip_destination_id, destination_id, trip_id, start_date, end_date, sequence_number, description) VALUES (34, 10, 16, '2026-05-29', '2026-05-31', 2, 'Financial add impact different success box water positive child.');
INSERT INTO itinerary (trip_destination_id, destination_id, trip_id, start_date, end_date, sequence_number, description) VALUES (35, 24, 17, '2026-03-09', '2026-03-11', 1, 'Meeting event strong woman during necessary himself two meet these tell.');
INSERT INTO itinerary (trip_destination_id, destination_id, trip_id, start_date, end_date, sequence_number, description) VALUES (36, 18, 17, '2026-03-12', '2026-03-14', 2, 'Significant take future skin environment able rise study oil process tend.');
INSERT INTO itinerary (trip_destination_id, destination_id, trip_id, start_date, end_date, sequence_number, description) VALUES (37, 2, 17, '2026-03-15', '2026-03-17', 3, 'Mrs generation necessary myself lay focus country recently occur do simply analysis seat relate.');
INSERT INTO itinerary (trip_destination_id, destination_id, trip_id, start_date, end_date, sequence_number, description) VALUES (38, 17, 18, '2025-04-18', '2025-04-20', 1, 'History professional star wonder manager already maybe opportunity thank them key moment.');
INSERT INTO itinerary (trip_destination_id, destination_id, trip_id, start_date, end_date, sequence_number, description) VALUES (39, 28, 18, '2025-04-21', '2025-04-27', 2, 'Address century that wide avoid sit enter perhaps however bag forget purpose move west.');
INSERT INTO itinerary (trip_destination_id, destination_id, trip_id, start_date, end_date, sequence_number, description) VALUES (40, 6, 18, '2025-04-28', '2025-04-30', 3, 'Responsibility service their along attention piece TV young section its better plant their kitchen really tough.');
INSERT INTO itinerary (trip_destination_id, destination_id, trip_id, start_date, end_date, sequence_number, description) VALUES (41, 3, 19, '2026-03-10', '2026-03-12', 1, 'Food argue grow issue each include radio.');
INSERT INTO itinerary (trip_destination_id, destination_id, trip_id, start_date, end_date, sequence_number, description) VALUES (42, 20, 19, '2026-03-13', '2026-03-16', 2, 'Color bad that people drive tree central leave effect.');
INSERT INTO itinerary (trip_destination_id, destination_id, trip_id, start_date, end_date, sequence_number, description) VALUES (43, 4, 20, '2026-06-30', '2026-07-06', 1, 'Project together let explain national available war write federal while real.');
INSERT INTO itinerary (trip_destination_id, destination_id, trip_id, start_date, end_date, sequence_number, description) VALUES (44, 2, 21, '2027-09-24', '2027-09-30', 1, 'Suddenly current his low down occur offer yeah far within probably ever not rate.');
INSERT INTO itinerary (trip_destination_id, destination_id, trip_id, start_date, end_date, sequence_number, description) VALUES (45, 20, 21, '2027-10-01', '2027-10-06', 2, 'Treat seat strategy total simply discover soon.');
INSERT INTO itinerary (trip_destination_id, destination_id, trip_id, start_date, end_date, sequence_number, description) VALUES (46, 11, 22, '2027-03-03', '2027-03-07', 1, 'Pm per question return process stuff pick tough position final.');
INSERT INTO itinerary (trip_destination_id, destination_id, trip_id, start_date, end_date, sequence_number, description) VALUES (47, 9, 22, '2027-03-08', '2027-03-11', 2, 'Almost half capital travel force indeed customer skill theory hand maybe evening clearly.');
INSERT INTO itinerary (trip_destination_id, destination_id, trip_id, start_date, end_date, sequence_number, description) VALUES (48, 7, 22, '2027-03-12', '2027-03-16', 3, 'Whose far that sound life away senior difficult put purpose however suffer newspaper bed.');
INSERT INTO itinerary (trip_destination_id, destination_id, trip_id, start_date, end_date, sequence_number, description) VALUES (49, 22, 22, '2027-03-17', '2027-03-20', 4, 'Add Mr lawyer pull public once state wait board doctor agent this no.');
INSERT INTO itinerary (trip_destination_id, destination_id, trip_id, start_date, end_date, sequence_number, description) VALUES (50, 22, 23, '2026-09-13', '2026-09-17', 1, 'Determine as statement travel few impact cause watch fight manage best thought career law provide sea.');
INSERT INTO itinerary (trip_destination_id, destination_id, trip_id, start_date, end_date, sequence_number, description) VALUES (51, 21, 23, '2026-09-18', '2026-09-23', 2, 'Industry score choice increase between majority impact week allow have kitchen wear talk between rate.');
INSERT INTO itinerary (trip_destination_id, destination_id, trip_id, start_date, end_date, sequence_number, description) VALUES (52, 25, 24, '2027-11-22', '2027-11-27', 1, 'Top population art every why we station begin deep police wife anything four writer skin.');
INSERT INTO itinerary (trip_destination_id, destination_id, trip_id, start_date, end_date, sequence_number, description) VALUES (53, 3, 24, '2027-11-28', '2027-12-04', 2, 'Attention share debate democratic thank forget challenge too able teach.');
INSERT INTO itinerary (trip_destination_id, destination_id, trip_id, start_date, end_date, sequence_number, description) VALUES (54, 1, 24, '2027-12-05', '2027-12-07', 3, 'Would music sometimes body term capital group small open.');
INSERT INTO itinerary (trip_destination_id, destination_id, trip_id, start_date, end_date, sequence_number, description) VALUES (55, 3, 25, '2027-04-13', '2027-04-16', 1, 'Company appear score moment second live sing.');
INSERT INTO itinerary (trip_destination_id, destination_id, trip_id, start_date, end_date, sequence_number, description) VALUES (56, 18, 25, '2027-04-17', '2027-04-23', 2, 'Order later develop past road training probably feeling poor all your suggest international blue Republican.');
INSERT INTO itinerary (trip_destination_id, destination_id, trip_id, start_date, end_date, sequence_number, description) VALUES (57, 5, 26, '2026-05-30', '2026-06-02', 1, 'Available ball part assume every plan nature foot yes most law painting between.');
INSERT INTO itinerary (trip_destination_id, destination_id, trip_id, start_date, end_date, sequence_number, description) VALUES (58, 12, 26, '2026-06-03', '2026-06-07', 2, 'Table prepare shoulder result Democrat later direction fund.');
INSERT INTO itinerary (trip_destination_id, destination_id, trip_id, start_date, end_date, sequence_number, description) VALUES (59, 3, 26, '2026-06-08', '2026-06-12', 3, 'Human role fine fine effort well rather listen before be it season head candidate.');
INSERT INTO itinerary (trip_destination_id, destination_id, trip_id, start_date, end_date, sequence_number, description) VALUES (60, 15, 27, '2025-02-12', '2025-02-18', 1, 'Only no form business government program seek test.');
INSERT INTO itinerary (trip_destination_id, destination_id, trip_id, start_date, end_date, sequence_number, description) VALUES (61, 27, 27, '2025-02-19', '2025-02-23', 2, 'Why outside goal official defense prevent difference.');
INSERT INTO itinerary (trip_destination_id, destination_id, trip_id, start_date, end_date, sequence_number, description) VALUES (62, 26, 28, '2025-06-29', '2025-07-05', 1, 'Glass news boy everything difficult investment night should.');
INSERT INTO itinerary (trip_destination_id, destination_id, trip_id, start_date, end_date, sequence_number, description) VALUES (63, 21, 28, '2025-07-06', '2025-07-10', 2, 'Party poor ago upon stop environment Congress reflect finally fund accept thank not husband center plan.');
INSERT INTO itinerary (trip_destination_id, destination_id, trip_id, start_date, end_date, sequence_number, description) VALUES (64, 17, 28, '2025-07-11', '2025-07-12', 3, 'Begin most heavy law church find food.');
INSERT INTO itinerary (trip_destination_id, destination_id, trip_id, start_date, end_date, sequence_number, description) VALUES (65, 9, 29, '2026-02-10', '2026-02-12', 1, 'Other third choose senior anyone bank kitchen interest parent increase democratic mention generation book question.');
INSERT INTO itinerary (trip_destination_id, destination_id, trip_id, start_date, end_date, sequence_number, description) VALUES (66, 4, 29, '2026-02-13', '2026-02-19', 2, 'Main project animal house out account feeling deep case eight foreign account section compare herself region.');
INSERT INTO itinerary (trip_destination_id, destination_id, trip_id, start_date, end_date, sequence_number, description) VALUES (67, 9, 30, '2025-10-05', '2025-10-11', 1, 'Next property government however score job least back fine investment identify policy face if.');
INSERT INTO itinerary (trip_destination_id, destination_id, trip_id, start_date, end_date, sequence_number, description) VALUES (68, 10, 30, '2025-10-12', '2025-10-14', 2, 'Commercial way least ready gun join black job hundred bad that second.');
INSERT INTO itinerary (trip_destination_id, destination_id, trip_id, start_date, end_date, sequence_number, description) VALUES (69, 11, 31, '2027-06-21', '2027-06-25', 1, 'Four collection member box member town glass road standard spring.');
INSERT INTO itinerary (trip_destination_id, destination_id, trip_id, start_date, end_date, sequence_number, description) VALUES (70, 7, 31, '2027-06-26', '2027-06-27', 2, 'Bill eight community check service away week physical less nor.');
INSERT INTO itinerary (trip_destination_id, destination_id, trip_id, start_date, end_date, sequence_number, description) VALUES (71, 9, 32, '2026-02-17', '2026-02-19', 1, 'Large under north play person ten physical character attention kind field ever argue medical financial later.');
INSERT INTO itinerary (trip_destination_id, destination_id, trip_id, start_date, end_date, sequence_number, description) VALUES (72, 28, 32, '2026-02-20', '2026-02-25', 2, 'Hard expert popular within bed order his oil.');
INSERT INTO itinerary (trip_destination_id, destination_id, trip_id, start_date, end_date, sequence_number, description) VALUES (73, 2, 32, '2026-02-26', '2026-02-27', 3, 'Last special prepare focus little character artist.');
INSERT INTO itinerary (trip_destination_id, destination_id, trip_id, start_date, end_date, sequence_number, description) VALUES (74, 1, 33, '2025-03-01', '2025-03-04', 1, 'Specific study word base position always remain yard.');
INSERT INTO itinerary (trip_destination_id, destination_id, trip_id, start_date, end_date, sequence_number, description) VALUES (75, 11, 33, '2025-03-05', '2025-03-08', 2, 'Mission city health executive impact full our smile positive at behind question exist rich prevent.');
INSERT INTO itinerary (trip_destination_id, destination_id, trip_id, start_date, end_date, sequence_number, description) VALUES (76, 24, 34, '2025-06-18', '2025-06-24', 1, 'Their four old center glass whose recognize hot organization visit finally heavy social spend prove stock.');
INSERT INTO itinerary (trip_destination_id, destination_id, trip_id, start_date, end_date, sequence_number, description) VALUES (77, 15, 34, '2025-06-25', '2025-06-30', 2, 'Behavior provide meet adult final week game she court yourself choice fast small medical music.');
INSERT INTO itinerary (trip_destination_id, destination_id, trip_id, start_date, end_date, sequence_number, description) VALUES (78, 1, 35, '2027-07-16', '2027-07-19', 1, 'Also from short capital heavy class story side speak close join improve put down know.');
INSERT INTO itinerary (trip_destination_id, destination_id, trip_id, start_date, end_date, sequence_number, description) VALUES (79, 4, 35, '2027-07-20', '2027-07-21', 2, 'Sell six doctor dream whole six tough create question now key.');
INSERT INTO itinerary (trip_destination_id, destination_id, trip_id, start_date, end_date, sequence_number, description) VALUES (80, 27, 36, '2026-11-07', '2026-11-13', 1, 'Sing me industry class current painting their appear lose he various.');
INSERT INTO itinerary (trip_destination_id, destination_id, trip_id, start_date, end_date, sequence_number, description) VALUES (81, 12, 36, '2026-11-14', '2026-11-20', 2, 'Surface expect several evening town challenge join watch develop later glass ago apply maybe dog.');
INSERT INTO itinerary (trip_destination_id, destination_id, trip_id, start_date, end_date, sequence_number, description) VALUES (82, 14, 37, '2026-06-22', '2026-06-24', 1, 'Heart agreement us stuff practice social case expert.');
INSERT INTO itinerary (trip_destination_id, destination_id, trip_id, start_date, end_date, sequence_number, description) VALUES (83, 5, 37, '2026-06-25', '2026-06-29', 2, 'Receive catch relationship large accept bad eight strong nature road month book explain feeling.');
INSERT INTO itinerary (trip_destination_id, destination_id, trip_id, start_date, end_date, sequence_number, description) VALUES (84, 26, 38, '2026-05-03', '2026-05-07', 1, 'Draw police performance artist student matter movie.');
INSERT INTO itinerary (trip_destination_id, destination_id, trip_id, start_date, end_date, sequence_number, description) VALUES (85, 22, 39, '2026-11-09', '2026-11-11', 1, 'Middle drop century investment pass drive indicate professor beat window attack moment medical write never hospital.');
INSERT INTO itinerary (trip_destination_id, destination_id, trip_id, start_date, end_date, sequence_number, description) VALUES (86, 8, 39, '2026-11-12', '2026-11-16', 2, 'Analysis hit health section ground attack drop price billion old series card good full.');
INSERT INTO itinerary (trip_destination_id, destination_id, trip_id, start_date, end_date, sequence_number, description) VALUES (87, 28, 40, '2027-07-31', '2027-08-03', 1, 'Store range wonder long consider care respond want already.');
INSERT INTO itinerary (trip_destination_id, destination_id, trip_id, start_date, end_date, sequence_number, description) VALUES (88, 14, 40, '2027-08-04', '2027-08-07', 2, 'Analysis current among value middle writer myself education send course.');
INSERT INTO itinerary (trip_destination_id, destination_id, trip_id, start_date, end_date, sequence_number, description) VALUES (89, 20, 40, '2027-08-08', '2027-08-11', 3, 'Television answer pretty event son join hundred keep what fund cost reality.');
INSERT INTO itinerary (trip_destination_id, destination_id, trip_id, start_date, end_date, sequence_number, description) VALUES (90, 24, 40, '2027-08-12', '2027-08-14', 4, 'Under mind song risk bad own state nation fly bag produce fill.');
INSERT INTO itinerary (trip_destination_id, destination_id, trip_id, start_date, end_date, sequence_number, description) VALUES (91, 1, 41, '2027-03-06', '2027-03-10', 1, 'Response coach know language risk treatment past itself police social arm provide image message seek civil.');
INSERT INTO itinerary (trip_destination_id, destination_id, trip_id, start_date, end_date, sequence_number, description) VALUES (92, 6, 41, '2027-03-11', '2027-03-16', 2, 'Central parent sit alone attack sing hand.');
INSERT INTO itinerary (trip_destination_id, destination_id, trip_id, start_date, end_date, sequence_number, description) VALUES (93, 28, 42, '2025-06-29', '2025-07-03', 1, 'We allow check last he know baby case happen fire everything whether ago.');
INSERT INTO itinerary (trip_destination_id, destination_id, trip_id, start_date, end_date, sequence_number, description) VALUES (94, 24, 42, '2025-07-04', '2025-07-07', 2, 'Material hit no energy employee land you experience trouble.');
INSERT INTO itinerary (trip_destination_id, destination_id, trip_id, start_date, end_date, sequence_number, description) VALUES (95, 26, 42, '2025-07-08', '2025-07-09', 3, 'Customer career available common require young specific whose worry property remember nearly face feel.');
INSERT INTO itinerary (trip_destination_id, destination_id, trip_id, start_date, end_date, sequence_number, description) VALUES (96, 28, 43, '2026-08-22', '2026-08-25', 1, 'Republican until point soldier meeting building cut catch so.');
INSERT INTO itinerary (trip_destination_id, destination_id, trip_id, start_date, end_date, sequence_number, description) VALUES (97, 2, 43, '2026-08-26', '2026-08-29', 2, 'Guess occur level work candidate this assume.');
INSERT INTO itinerary (trip_destination_id, destination_id, trip_id, start_date, end_date, sequence_number, description) VALUES (98, 16, 43, '2026-08-30', '2026-09-04', 3, 'Yourself rest moment shoulder statement available win politics last quite general there sister.');
INSERT INTO itinerary (trip_destination_id, destination_id, trip_id, start_date, end_date, sequence_number, description) VALUES (99, 10, 44, '2027-06-15', '2027-06-18', 1, 'Consider whom item treat area buy check clearly follow remember generation wait thus suffer economy play.');
INSERT INTO itinerary (trip_destination_id, destination_id, trip_id, start_date, end_date, sequence_number, description) VALUES (100, 27, 44, '2027-06-19', '2027-06-22', 2, 'Ever person pass behavior political option oil commercial person top front under American tell ball.');
INSERT INTO itinerary (trip_destination_id, destination_id, trip_id, start_date, end_date, sequence_number, description) VALUES (101, 26, 44, '2027-06-23', '2027-06-25', 3, 'Enough decision occur peace air threat nation politics few each southern image law read citizen.');
INSERT INTO itinerary (trip_destination_id, destination_id, trip_id, start_date, end_date, sequence_number, description) VALUES (102, 7, 45, '2025-10-23', '2025-10-25', 1, 'Machine daughter parent fine responsibility safe team wish candidate have no five letter.');
INSERT INTO itinerary (trip_destination_id, destination_id, trip_id, start_date, end_date, sequence_number, description) VALUES (103, 13, 45, '2025-10-26', '2025-10-30', 2, 'Last cell anything war ten industry while total spend value return.');
INSERT INTO itinerary (trip_destination_id, destination_id, trip_id, start_date, end_date, sequence_number, description) VALUES (104, 11, 45, '2025-10-31', '2025-11-04', 3, 'Several marriage method material final age war measure whom Democrat.');
INSERT INTO itinerary (trip_destination_id, destination_id, trip_id, start_date, end_date, sequence_number, description) VALUES (105, 17, 46, '2026-01-31', '2026-02-06', 1, 'Any example our successful pull experience account blue care enough hand idea.');
INSERT INTO itinerary (trip_destination_id, destination_id, trip_id, start_date, end_date, sequence_number, description) VALUES (106, 13, 46, '2026-02-07', '2026-02-11', 2, 'Hundred now crime network available mean share.');
INSERT INTO itinerary (trip_destination_id, destination_id, trip_id, start_date, end_date, sequence_number, description) VALUES (107, 22, 46, '2026-02-12', '2026-02-14', 3, 'Stay perhaps particularly campaign benefit health would newspaper hand certain own.');
INSERT INTO itinerary (trip_destination_id, destination_id, trip_id, start_date, end_date, sequence_number, description) VALUES (108, 27, 46, '2026-02-15', '2026-02-17', 4, 'Matter and case four listen lead paper middle foreign party class wrong school.');
INSERT INTO itinerary (trip_destination_id, destination_id, trip_id, start_date, end_date, sequence_number, description) VALUES (109, 6, 47, '2025-03-10', '2025-03-12', 1, 'Order medical meeting majority none little admit former body indicate film.');
INSERT INTO itinerary (trip_destination_id, destination_id, trip_id, start_date, end_date, sequence_number, description) VALUES (110, 19, 47, '2025-03-13', '2025-03-15', 2, 'Ago listen whose situation simply officer return on color pick people subject challenge quite all way.');
INSERT INTO itinerary (trip_destination_id, destination_id, trip_id, start_date, end_date, sequence_number, description) VALUES (111, 9, 47, '2025-03-16', '2025-03-19', 3, 'Course kid industry include data maybe particularly likely.');
INSERT INTO itinerary (trip_destination_id, destination_id, trip_id, start_date, end_date, sequence_number, description) VALUES (112, 12, 48, '2026-11-09', '2026-11-13', 1, 'Relationship million night your long heavy what least.');
INSERT INTO itinerary (trip_destination_id, destination_id, trip_id, start_date, end_date, sequence_number, description) VALUES (113, 24, 48, '2026-11-14', '2026-11-19', 2, 'Garden great sign return poor really particular court east newspaper different win father eye debate.');
INSERT INTO itinerary (trip_destination_id, destination_id, trip_id, start_date, end_date, sequence_number, description) VALUES (114, 26, 48, '2026-11-20', '2026-11-22', 3, 'First give value somebody event business quality here woman stand west source fact explain.');
INSERT INTO itinerary (trip_destination_id, destination_id, trip_id, start_date, end_date, sequence_number, description) VALUES (115, 4, 49, '2025-01-03', '2025-01-07', 1, 'Get kind either look dark Mrs usually receive.');
INSERT INTO itinerary (trip_destination_id, destination_id, trip_id, start_date, end_date, sequence_number, description) VALUES (116, 13, 49, '2025-01-08', '2025-01-10', 2, 'Body scientist dream anything toward difficult do beyond form.');
INSERT INTO itinerary (trip_destination_id, destination_id, trip_id, start_date, end_date, sequence_number, description) VALUES (117, 19, 49, '2025-01-11', '2025-01-14', 3, 'Beyond side accept nearly upon imagine various there local current white fly position traditional.');
INSERT INTO itinerary (trip_destination_id, destination_id, trip_id, start_date, end_date, sequence_number, description) VALUES (118, 17, 50, '2027-03-19', '2027-03-25', 1, 'Present discussion school sure also TV individual study.');
INSERT INTO itinerary (trip_destination_id, destination_id, trip_id, start_date, end_date, sequence_number, description) VALUES (119, 26, 50, '2027-03-26', '2027-03-29', 2, 'Young however many view while unit theory.');
INSERT INTO itinerary (trip_destination_id, destination_id, trip_id, start_date, end_date, sequence_number, description) VALUES (120, 14, 51, '2027-04-17', '2027-04-21', 1, 'Fear owner up friend lawyer political modern.');
INSERT INTO itinerary (trip_destination_id, destination_id, trip_id, start_date, end_date, sequence_number, description) VALUES (121, 3, 51, '2027-04-22', '2027-04-28', 2, 'Surface life cover both class learn either control say.');
INSERT INTO itinerary (trip_destination_id, destination_id, trip_id, start_date, end_date, sequence_number, description) VALUES (122, 22, 51, '2027-04-29', '2027-05-03', 3, 'Nothing serious compare task today still middle beautiful protect continue cell.');
INSERT INTO itinerary (trip_destination_id, destination_id, trip_id, start_date, end_date, sequence_number, description) VALUES (123, 28, 52, '2027-12-03', '2027-12-09', 1, 'Very according himself land environment form old of end growth door property.');
INSERT INTO itinerary (trip_destination_id, destination_id, trip_id, start_date, end_date, sequence_number, description) VALUES (124, 4, 52, '2027-12-10', '2027-12-14', 2, 'Fill if maybe time region financial brother trouble far pass despite card check security.');
INSERT INTO itinerary (trip_destination_id, destination_id, trip_id, start_date, end_date, sequence_number, description) VALUES (125, 14, 53, '2027-11-08', '2027-11-12', 1, 'Health reduce tree serious soon stay seven quite other skin moment month gun true born stock.');
INSERT INTO itinerary (trip_destination_id, destination_id, trip_id, start_date, end_date, sequence_number, description) VALUES (126, 11, 53, '2027-11-13', '2027-11-19', 2, 'Dark Mr clearly take kind quite response major together knowledge argue car indeed nor.');

-- =======================
-- buddy rows
-- =======================
INSERT INTO buddy (buddy_id, user_id, trip_destination_id, person_count, note, invite_status) VALUES (1, 7, 1, 4, 'Vegetarian—open to food suggestions.', 'declined');
INSERT INTO buddy (buddy_id, user_id, trip_destination_id, person_count, note, invite_status) VALUES (2, 24, 1, 2, 'Happy to share accommodation.', 'accepted');
INSERT INTO buddy (buddy_id, user_id, trip_destination_id, person_count, note, invite_status) VALUES (3, 10, 2, 3, 'Traveling with kids, hope that\'s okay.', 'accepted');
INSERT INTO buddy (buddy_id, user_id, trip_destination_id, person_count, note, invite_status) VALUES (4, 15, 3, 4, 'Prefer early starts.', 'declined');
INSERT INTO buddy (buddy_id, user_id, trip_destination_id, person_count, note, invite_status) VALUES (5, 7, 3, 5, 'Prefer early starts.', 'declined');
INSERT INTO buddy (buddy_id, user_id, trip_destination_id, person_count, note, invite_status) VALUES (6, 6, 3, 1, 'Happy to share accommodation.', 'declined');
INSERT INTO buddy (buddy_id, user_id, trip_destination_id, person_count, note, invite_status) VALUES (7, 3, 4, 2, 'Happy to share accommodation.', 'pending');
INSERT INTO buddy (buddy_id, user_id, trip_destination_id, person_count, note, invite_status) VALUES (8, 26, 4, 2, 'Can bring extra gear if needed.', 'pending');
INSERT INTO buddy (buddy_id, user_id, trip_destination_id, person_count, note, invite_status) VALUES (9, 2, 4, 2, 'Prefer early starts.', 'declined');
INSERT INTO buddy (buddy_id, user_id, trip_destination_id, person_count, note, invite_status) VALUES (10, 15, 5, 4, 'Traveling with kids, hope that\'s okay.', 'declined');
INSERT INTO buddy (buddy_id, user_id, trip_destination_id, person_count, note, invite_status) VALUES (11, 16, 6, 4, 'Traveling with kids, hope that\'s okay.', 'pending');
INSERT INTO buddy (buddy_id, user_id, trip_destination_id, person_count, note, invite_status) VALUES (12, 21, 6, 1, 'Looking forward to it.', 'accepted');
INSERT INTO buddy (buddy_id, user_id, trip_destination_id, person_count, note, invite_status) VALUES (13, 8, 6, 2, 'Prefer early starts.', 'pending');
INSERT INTO buddy (buddy_id, user_id, trip_destination_id, person_count, note, invite_status) VALUES (14, 18, 6, 2, 'Looking forward to it.', 'accepted');
INSERT INTO buddy (buddy_id, user_id, trip_destination_id, person_count, note, invite_status) VALUES (15, 26, 7, 4, 'Flexible with dates and budget.', 'accepted');
INSERT INTO buddy (buddy_id, user_id, trip_destination_id, person_count, note, invite_status) VALUES (16, 20, 7, 5, 'Vegetarian—open to food suggestions.', 'declined');
INSERT INTO buddy (buddy_id, user_id, trip_destination_id, person_count, note, invite_status) VALUES (17, 29, 8, 2, 'Prefer early starts.', 'accepted');
INSERT INTO buddy (buddy_id, user_id, trip_destination_id, person_count, note, invite_status) VALUES (18, 9, 8, 2, 'Happy to share accommodation.', 'declined');
INSERT INTO buddy (buddy_id, user_id, trip_destination_id, person_count, note, invite_status) VALUES (19, 16, 8, 2, 'Happy to share accommodation.', 'accepted');
INSERT INTO buddy (buddy_id, user_id, trip_destination_id, person_count, note, invite_status) VALUES (20, 3, 8, 3, 'Traveling with kids, hope that\'s okay.', 'accepted');
INSERT INTO buddy (buddy_id, user_id, trip_destination_id, person_count, note, invite_status) VALUES (21, 11, 9, 5, 'Looking forward to it.', 'pending');
INSERT INTO buddy (buddy_id, user_id, trip_destination_id, person_count, note, invite_status) VALUES (22, 5, 9, 2, 'Vegetarian—open to food suggestions.', 'declined');
INSERT INTO buddy (buddy_id, user_id, trip_destination_id, person_count, note, invite_status) VALUES (23, 5, 9, 2, 'Looking forward to it.', 'accepted');
INSERT INTO buddy (buddy_id, user_id, trip_destination_id, person_count, note, invite_status) VALUES (24, 11, 10, 5, 'Prefer early starts.', 'accepted');
INSERT INTO buddy (buddy_id, user_id, trip_destination_id, person_count, note, invite_status) VALUES (25, 2, 10, 2, 'Vegetarian—open to food suggestions.', 'accepted');
INSERT INTO buddy (buddy_id, user_id, trip_destination_id, person_count, note, invite_status) VALUES (26, 29, 10, 5, 'Excited to join!', 'declined');
INSERT INTO buddy (buddy_id, user_id, trip_destination_id, person_count, note, invite_status) VALUES (27, 13, 10, 4, 'Excited to join!', 'accepted');
INSERT INTO buddy (buddy_id, user_id, trip_destination_id, person_count, note, invite_status) VALUES (28, 25, 11, 4, 'Vegetarian—open to food suggestions.', 'declined');
INSERT INTO buddy (buddy_id, user_id, trip_destination_id, person_count, note, invite_status) VALUES (29, 24, 11, 5, 'Traveling with kids, hope that\'s okay.', 'accepted');
INSERT INTO buddy (buddy_id, user_id, trip_destination_id, person_count, note, invite_status) VALUES (30, 8, 11, 3, 'Vegetarian—open to food suggestions.', 'accepted');
INSERT INTO buddy (buddy_id, user_id, trip_destination_id, person_count, note, invite_status) VALUES (31, 13, 12, 3, 'Vegetarian—open to food suggestions.', 'declined');
INSERT INTO buddy (buddy_id, user_id, trip_destination_id, person_count, note, invite_status) VALUES (32, 27, 13, 4, 'Can bring extra gear if needed.', 'declined');
INSERT INTO buddy (buddy_id, user_id, trip_destination_id, person_count, note, invite_status) VALUES (33, 18, 13, 1, 'Vegetarian—open to food suggestions.', 'declined');
INSERT INTO buddy (buddy_id, user_id, trip_destination_id, person_count, note, invite_status) VALUES (34, 3, 14, 4, 'Can bring extra gear if needed.', 'accepted');
INSERT INTO buddy (buddy_id, user_id, trip_destination_id, person_count, note, invite_status) VALUES (35, 2, 15, 3, 'Vegetarian—open to food suggestions.', 'accepted');
INSERT INTO buddy (buddy_id, user_id, trip_destination_id, person_count, note, invite_status) VALUES (36, 7, 15, 4, 'Flexible with dates and budget.', 'accepted');
INSERT INTO buddy (buddy_id, user_id, trip_destination_id, person_count, note, invite_status) VALUES (37, 9, 16, 4, 'Happy to share accommodation.', 'pending');
INSERT INTO buddy (buddy_id, user_id, trip_destination_id, person_count, note, invite_status) VALUES (38, 16, 16, 1, 'Excited to join!', 'accepted');
INSERT INTO buddy (buddy_id, user_id, trip_destination_id, person_count, note, invite_status) VALUES (39, 8, 16, 1, 'Excited to join!', 'pending');
INSERT INTO buddy (buddy_id, user_id, trip_destination_id, person_count, note, invite_status) VALUES (40, 8, 16, 2, 'Excited to join!', 'declined');
INSERT INTO buddy (buddy_id, user_id, trip_destination_id, person_count, note, invite_status) VALUES (41, 8, 17, 2, 'Prefer early starts.', 'declined');
INSERT INTO buddy (buddy_id, user_id, trip_destination_id, person_count, note, invite_status) VALUES (42, 4, 17, 5, 'Traveling with kids, hope that\'s okay.', 'accepted');
INSERT INTO buddy (buddy_id, user_id, trip_destination_id, person_count, note, invite_status) VALUES (43, 25, 18, 3, 'Can bring extra gear if needed.', 'declined');
INSERT INTO buddy (buddy_id, user_id, trip_destination_id, person_count, note, invite_status) VALUES (44, 20, 18, 1, 'Can bring extra gear if needed.', 'accepted');
INSERT INTO buddy (buddy_id, user_id, trip_destination_id, person_count, note, invite_status) VALUES (45, 4, 18, 5, 'Excited to join!', 'accepted');
INSERT INTO buddy (buddy_id, user_id, trip_destination_id, person_count, note, invite_status) VALUES (46, 13, 19, 2, 'Looking forward to it.', 'declined');
INSERT INTO buddy (buddy_id, user_id, trip_destination_id, person_count, note, invite_status) VALUES (47, 23, 19, 2, 'Looking forward to it.', 'declined');
INSERT INTO buddy (buddy_id, user_id, trip_destination_id, person_count, note, invite_status) VALUES (48, 25, 19, 3, 'Looking forward to it.', 'declined');
INSERT INTO buddy (buddy_id, user_id, trip_destination_id, person_count, note, invite_status) VALUES (49, 26, 19, 1, 'Flexible with dates and budget.', 'declined');
INSERT INTO buddy (buddy_id, user_id, trip_destination_id, person_count, note, invite_status) VALUES (50, 22, 20, 3, 'Looking forward to it.', 'declined');
INSERT INTO buddy (buddy_id, user_id, trip_destination_id, person_count, note, invite_status) VALUES (51, 21, 20, 3, 'Excited to join!', 'accepted');
INSERT INTO buddy (buddy_id, user_id, trip_destination_id, person_count, note, invite_status) VALUES (52, 27, 20, 4, 'Looking forward to it.', 'accepted');
INSERT INTO buddy (buddy_id, user_id, trip_destination_id, person_count, note, invite_status) VALUES (53, 12, 20, 4, 'Can bring extra gear if needed.', 'accepted');
INSERT INTO buddy (buddy_id, user_id, trip_destination_id, person_count, note, invite_status) VALUES (54, 24, 21, 5, 'Happy to share accommodation.', 'declined');
INSERT INTO buddy (buddy_id, user_id, trip_destination_id, person_count, note, invite_status) VALUES (55, 26, 21, 5, 'Prefer early starts.', 'accepted');
INSERT INTO buddy (buddy_id, user_id, trip_destination_id, person_count, note, invite_status) VALUES (56, 27, 22, 5, 'Happy to share accommodation.', 'accepted');
INSERT INTO buddy (buddy_id, user_id, trip_destination_id, person_count, note, invite_status) VALUES (57, 28, 22, 2, 'Looking forward to it.', 'accepted');
INSERT INTO buddy (buddy_id, user_id, trip_destination_id, person_count, note, invite_status) VALUES (58, 29, 22, 4, 'Traveling with kids, hope that\'s okay.', 'accepted');
INSERT INTO buddy (buddy_id, user_id, trip_destination_id, person_count, note, invite_status) VALUES (59, 19, 22, 5, 'Vegetarian—open to food suggestions.', 'accepted');
INSERT INTO buddy (buddy_id, user_id, trip_destination_id, person_count, note, invite_status) VALUES (60, 16, 23, 3, 'Can bring extra gear if needed.', 'accepted');
INSERT INTO buddy (buddy_id, user_id, trip_destination_id, person_count, note, invite_status) VALUES (61, 12, 24, 3, 'Flexible with dates and budget.', 'accepted');
INSERT INTO buddy (buddy_id, user_id, trip_destination_id, person_count, note, invite_status) VALUES (62, 29, 24, 5, 'Happy to share accommodation.', 'declined');
INSERT INTO buddy (buddy_id, user_id, trip_destination_id, person_count, note, invite_status) VALUES (63, 17, 25, 2, 'Looking forward to it.', 'pending');
INSERT INTO buddy (buddy_id, user_id, trip_destination_id, person_count, note, invite_status) VALUES (64, 16, 26, 5, 'Traveling with kids, hope that\'s okay.', 'declined');
INSERT INTO buddy (buddy_id, user_id, trip_destination_id, person_count, note, invite_status) VALUES (65, 16, 26, 4, 'Prefer early starts.', 'pending');
INSERT INTO buddy (buddy_id, user_id, trip_destination_id, person_count, note, invite_status) VALUES (66, 3, 26, 3, 'Traveling with kids, hope that\'s okay.', 'accepted');
INSERT INTO buddy (buddy_id, user_id, trip_destination_id, person_count, note, invite_status) VALUES (67, 23, 26, 2, 'Happy to share accommodation.', 'declined');
INSERT INTO buddy (buddy_id, user_id, trip_destination_id, person_count, note, invite_status) VALUES (68, 16, 27, 5, 'Flexible with dates and budget.', 'accepted');
INSERT INTO buddy (buddy_id, user_id, trip_destination_id, person_count, note, invite_status) VALUES (69, 24, 27, 5, 'Flexible with dates and budget.', 'accepted');
INSERT INTO buddy (buddy_id, user_id, trip_destination_id, person_count, note, invite_status) VALUES (70, 23, 27, 4, 'Happy to share accommodation.', 'accepted');
INSERT INTO buddy (buddy_id, user_id, trip_destination_id, person_count, note, invite_status) VALUES (71, 8, 28, 1, 'Traveling with kids, hope that\'s okay.', 'accepted');
INSERT INTO buddy (buddy_id, user_id, trip_destination_id, person_count, note, invite_status) VALUES (72, 4, 28, 5, 'Can bring extra gear if needed.', 'pending');
INSERT INTO buddy (buddy_id, user_id, trip_destination_id, person_count, note, invite_status) VALUES (73, 7, 28, 4, 'Happy to share accommodation.', 'declined');
INSERT INTO buddy (buddy_id, user_id, trip_destination_id, person_count, note, invite_status) VALUES (74, 4, 29, 2, 'Happy to share accommodation.', 'pending');
INSERT INTO buddy (buddy_id, user_id, trip_destination_id, person_count, note, invite_status) VALUES (75, 12, 29, 2, 'Happy to share accommodation.', 'pending');
INSERT INTO buddy (buddy_id, user_id, trip_destination_id, person_count, note, invite_status) VALUES (76, 23, 29, 5, 'Can bring extra gear if needed.', 'accepted');
INSERT INTO buddy (buddy_id, user_id, trip_destination_id, person_count, note, invite_status) VALUES (77, 2, 30, 5, 'Happy to share accommodation.', 'declined');
INSERT INTO buddy (buddy_id, user_id, trip_destination_id, person_count, note, invite_status) VALUES (78, 21, 31, 4, 'Looking forward to it.', 'pending');
INSERT INTO buddy (buddy_id, user_id, trip_destination_id, person_count, note, invite_status) VALUES (79, 19, 31, 3, 'Prefer early starts.', 'accepted');
INSERT INTO buddy (buddy_id, user_id, trip_destination_id, person_count, note, invite_status) VALUES (80, 11, 32, 2, 'Excited to join!', 'accepted');
INSERT INTO buddy (buddy_id, user_id, trip_destination_id, person_count, note, invite_status) VALUES (81, 28, 32, 4, 'Looking forward to it.', 'pending');
INSERT INTO buddy (buddy_id, user_id, trip_destination_id, person_count, note, invite_status) VALUES (82, 13, 32, 4, 'Looking forward to it.', 'declined');
INSERT INTO buddy (buddy_id, user_id, trip_destination_id, person_count, note, invite_status) VALUES (83, 21, 32, 1, 'Can bring extra gear if needed.', 'pending');
INSERT INTO buddy (buddy_id, user_id, trip_destination_id, person_count, note, invite_status) VALUES (84, 3, 33, 2, 'Looking forward to it.', 'declined');
INSERT INTO buddy (buddy_id, user_id, trip_destination_id, person_count, note, invite_status) VALUES (85, 25, 33, 4, 'Traveling with kids, hope that\'s okay.', 'declined');
INSERT INTO buddy (buddy_id, user_id, trip_destination_id, person_count, note, invite_status) VALUES (86, 13, 33, 4, 'Prefer early starts.', 'accepted');
INSERT INTO buddy (buddy_id, user_id, trip_destination_id, person_count, note, invite_status) VALUES (87, 10, 34, 5, 'Excited to join!', 'declined');
INSERT INTO buddy (buddy_id, user_id, trip_destination_id, person_count, note, invite_status) VALUES (88, 24, 34, 1, 'Traveling with kids, hope that\'s okay.', 'declined');
INSERT INTO buddy (buddy_id, user_id, trip_destination_id, person_count, note, invite_status) VALUES (89, 7, 34, 3, 'Looking forward to it.', 'pending');
INSERT INTO buddy (buddy_id, user_id, trip_destination_id, person_count, note, invite_status) VALUES (90, 8, 34, 2, 'Looking forward to it.', 'pending');
INSERT INTO buddy (buddy_id, user_id, trip_destination_id, person_count, note, invite_status) VALUES (91, 14, 35, 4, 'Prefer early starts.', 'accepted');
INSERT INTO buddy (buddy_id, user_id, trip_destination_id, person_count, note, invite_status) VALUES (92, 8, 36, 3, 'Happy to share accommodation.', 'declined');
INSERT INTO buddy (buddy_id, user_id, trip_destination_id, person_count, note, invite_status) VALUES (93, 3, 37, 2, 'Happy to share accommodation.', 'declined');
INSERT INTO buddy (buddy_id, user_id, trip_destination_id, person_count, note, invite_status) VALUES (94, 19, 37, 2, 'Vegetarian—open to food suggestions.', 'pending');
INSERT INTO buddy (buddy_id, user_id, trip_destination_id, person_count, note, invite_status) VALUES (95, 18, 37, 2, 'Can bring extra gear if needed.', 'accepted');
INSERT INTO buddy (buddy_id, user_id, trip_destination_id, person_count, note, invite_status) VALUES (96, 27, 37, 2, 'Looking forward to it.', 'pending');
INSERT INTO buddy (buddy_id, user_id, trip_destination_id, person_count, note, invite_status) VALUES (97, 26, 38, 3, 'Happy to share accommodation.', 'accepted');
INSERT INTO buddy (buddy_id, user_id, trip_destination_id, person_count, note, invite_status) VALUES (98, 4, 38, 4, 'Happy to share accommodation.', 'declined');
INSERT INTO buddy (buddy_id, user_id, trip_destination_id, person_count, note, invite_status) VALUES (99, 9, 39, 5, 'Prefer early starts.', 'accepted');
INSERT INTO buddy (buddy_id, user_id, trip_destination_id, person_count, note, invite_status) VALUES (100, 3, 39, 5, 'Excited to join!', 'accepted');
INSERT INTO buddy (buddy_id, user_id, trip_destination_id, person_count, note, invite_status) VALUES (101, 24, 39, 3, 'Happy to share accommodation.', 'pending');
INSERT INTO buddy (buddy_id, user_id, trip_destination_id, person_count, note, invite_status) VALUES (102, 3, 39, 2, 'Excited to join!', 'declined');
INSERT INTO buddy (buddy_id, user_id, trip_destination_id, person_count, note, invite_status) VALUES (103, 19, 40, 1, 'Can bring extra gear if needed.', 'accepted');
INSERT INTO buddy (buddy_id, user_id, trip_destination_id, person_count, note, invite_status) VALUES (104, 17, 40, 4, 'Happy to share accommodation.', 'pending');
INSERT INTO buddy (buddy_id, user_id, trip_destination_id, person_count, note, invite_status) VALUES (105, 19, 40, 4, 'Prefer early starts.', 'pending');
INSERT INTO buddy (buddy_id, user_id, trip_destination_id, person_count, note, invite_status) VALUES (106, 12, 41, 4, 'Flexible with dates and budget.', 'accepted');
INSERT INTO buddy (buddy_id, user_id, trip_destination_id, person_count, note, invite_status) VALUES (107, 22, 41, 1, 'Can bring extra gear if needed.', 'accepted');
INSERT INTO buddy (buddy_id, user_id, trip_destination_id, person_count, note, invite_status) VALUES (108, 14, 41, 4, 'Happy to share accommodation.', 'declined');
INSERT INTO buddy (buddy_id, user_id, trip_destination_id, person_count, note, invite_status) VALUES (109, 13, 41, 5, 'Excited to join!', 'accepted');
INSERT INTO buddy (buddy_id, user_id, trip_destination_id, person_count, note, invite_status) VALUES (110, 11, 42, 3, 'Flexible with dates and budget.', 'pending');
INSERT INTO buddy (buddy_id, user_id, trip_destination_id, person_count, note, invite_status) VALUES (111, 28, 43, 5, 'Excited to join!', 'declined');
INSERT INTO buddy (buddy_id, user_id, trip_destination_id, person_count, note, invite_status) VALUES (112, 28, 43, 5, 'Prefer early starts.', 'accepted');
INSERT INTO buddy (buddy_id, user_id, trip_destination_id, person_count, note, invite_status) VALUES (113, 2, 43, 2, 'Flexible with dates and budget.', 'declined');
INSERT INTO buddy (buddy_id, user_id, trip_destination_id, person_count, note, invite_status) VALUES (114, 25, 43, 4, 'Prefer early starts.', 'pending');
INSERT INTO buddy (buddy_id, user_id, trip_destination_id, person_count, note, invite_status) VALUES (115, 9, 44, 5, 'Can bring extra gear if needed.', 'accepted');
INSERT INTO buddy (buddy_id, user_id, trip_destination_id, person_count, note, invite_status) VALUES (116, 15, 44, 4, 'Looking forward to it.', 'pending');
INSERT INTO buddy (buddy_id, user_id, trip_destination_id, person_count, note, invite_status) VALUES (117, 23, 45, 2, 'Happy to share accommodation.', 'declined');
INSERT INTO buddy (buddy_id, user_id, trip_destination_id, person_count, note, invite_status) VALUES (118, 1, 45, 5, 'Vegetarian—open to food suggestions.', 'pending');
INSERT INTO buddy (buddy_id, user_id, trip_destination_id, person_count, note, invite_status) VALUES (119, 27, 46, 1, 'Prefer early starts.', 'pending');
INSERT INTO buddy (buddy_id, user_id, trip_destination_id, person_count, note, invite_status) VALUES (120, 21, 46, 2, 'Prefer early starts.', 'declined');
INSERT INTO buddy (buddy_id, user_id, trip_destination_id, person_count, note, invite_status) VALUES (121, 17, 47, 3, 'Vegetarian—open to food suggestions.', 'accepted');
INSERT INTO buddy (buddy_id, user_id, trip_destination_id, person_count, note, invite_status) VALUES (122, 16, 47, 2, 'Prefer early starts.', 'declined');
INSERT INTO buddy (buddy_id, user_id, trip_destination_id, person_count, note, invite_status) VALUES (123, 5, 47, 4, 'Traveling with kids, hope that\'s okay.', 'declined');
INSERT INTO buddy (buddy_id, user_id, trip_destination_id, person_count, note, invite_status) VALUES (124, 28, 48, 1, 'Happy to share accommodation.', 'accepted');
INSERT INTO buddy (buddy_id, user_id, trip_destination_id, person_count, note, invite_status) VALUES (125, 11, 48, 5, 'Happy to share accommodation.', 'pending');
INSERT INTO buddy (buddy_id, user_id, trip_destination_id, person_count, note, invite_status) VALUES (126, 24, 49, 3, 'Prefer early starts.', 'pending');
INSERT INTO buddy (buddy_id, user_id, trip_destination_id, person_count, note, invite_status) VALUES (127, 15, 49, 5, 'Prefer early starts.', 'accepted');
INSERT INTO buddy (buddy_id, user_id, trip_destination_id, person_count, note, invite_status) VALUES (128, 11, 49, 5, 'Vegetarian—open to food suggestions.', 'accepted');
INSERT INTO buddy (buddy_id, user_id, trip_destination_id, person_count, note, invite_status) VALUES (129, 28, 50, 2, 'Traveling with kids, hope that\'s okay.', 'declined');
INSERT INTO buddy (buddy_id, user_id, trip_destination_id, person_count, note, invite_status) VALUES (130, 13, 50, 2, 'Vegetarian—open to food suggestions.', 'pending');
INSERT INTO buddy (buddy_id, user_id, trip_destination_id, person_count, note, invite_status) VALUES (131, 11, 50, 4, 'Vegetarian—open to food suggestions.', 'accepted');
INSERT INTO buddy (buddy_id, user_id, trip_destination_id, person_count, note, invite_status) VALUES (132, 16, 51, 1, 'Can bring extra gear if needed.', 'declined');
INSERT INTO buddy (buddy_id, user_id, trip_destination_id, person_count, note, invite_status) VALUES (133, 19, 51, 3, 'Looking forward to it.', 'accepted');
INSERT INTO buddy (buddy_id, user_id, trip_destination_id, person_count, note, invite_status) VALUES (134, 17, 52, 4, 'Excited to join!', 'declined');
INSERT INTO buddy (buddy_id, user_id, trip_destination_id, person_count, note, invite_status) VALUES (135, 14, 53, 2, 'Looking forward to it.', 'accepted');
INSERT INTO buddy (buddy_id, user_id, trip_destination_id, person_count, note, invite_status) VALUES (136, 26, 53, 3, 'Flexible with dates and budget.', 'declined');
INSERT INTO buddy (buddy_id, user_id, trip_destination_id, person_count, note, invite_status) VALUES (137, 21, 54, 1, 'Flexible with dates and budget.', 'declined');
INSERT INTO buddy (buddy_id, user_id, trip_destination_id, person_count, note, invite_status) VALUES (138, 28, 54, 5, 'Vegetarian—open to food suggestions.', 'accepted');
INSERT INTO buddy (buddy_id, user_id, trip_destination_id, person_count, note, invite_status) VALUES (139, 21, 54, 4, 'Excited to join!', 'declined');
INSERT INTO buddy (buddy_id, user_id, trip_destination_id, person_count, note, invite_status) VALUES (140, 3, 54, 2, 'Happy to share accommodation.', 'pending');
INSERT INTO buddy (buddy_id, user_id, trip_destination_id, person_count, note, invite_status) VALUES (141, 14, 55, 1, 'Looking forward to it.', 'accepted');
INSERT INTO buddy (buddy_id, user_id, trip_destination_id, person_count, note, invite_status) VALUES (142, 23, 56, 3, 'Excited to join!', 'pending');
INSERT INTO buddy (buddy_id, user_id, trip_destination_id, person_count, note, invite_status) VALUES (143, 11, 56, 1, 'Happy to share accommodation.', 'accepted');
INSERT INTO buddy (buddy_id, user_id, trip_destination_id, person_count, note, invite_status) VALUES (144, 14, 57, 2, 'Traveling with kids, hope that\'s okay.', 'declined');
INSERT INTO buddy (buddy_id, user_id, trip_destination_id, person_count, note, invite_status) VALUES (145, 14, 57, 5, 'Can bring extra gear if needed.', 'pending');
INSERT INTO buddy (buddy_id, user_id, trip_destination_id, person_count, note, invite_status) VALUES (146, 6, 57, 1, 'Vegetarian—open to food suggestions.', 'declined');
INSERT INTO buddy (buddy_id, user_id, trip_destination_id, person_count, note, invite_status) VALUES (147, 16, 58, 5, 'Can bring extra gear if needed.', 'pending');
INSERT INTO buddy (buddy_id, user_id, trip_destination_id, person_count, note, invite_status) VALUES (148, 15, 58, 3, 'Prefer early starts.', 'accepted');
INSERT INTO buddy (buddy_id, user_id, trip_destination_id, person_count, note, invite_status) VALUES (149, 29, 59, 4, 'Happy to share accommodation.', 'declined');
INSERT INTO buddy (buddy_id, user_id, trip_destination_id, person_count, note, invite_status) VALUES (150, 3, 60, 4, 'Flexible with dates and budget.', 'declined');
INSERT INTO buddy (buddy_id, user_id, trip_destination_id, person_count, note, invite_status) VALUES (151, 10, 60, 4, 'Happy to share accommodation.', 'accepted');
INSERT INTO buddy (buddy_id, user_id, trip_destination_id, person_count, note, invite_status) VALUES (152, 7, 61, 4, 'Prefer early starts.', 'pending');
INSERT INTO buddy (buddy_id, user_id, trip_destination_id, person_count, note, invite_status) VALUES (153, 8, 61, 4, 'Flexible with dates and budget.', 'declined');
INSERT INTO buddy (buddy_id, user_id, trip_destination_id, person_count, note, invite_status) VALUES (154, 10, 61, 3, 'Excited to join!', 'declined');
INSERT INTO buddy (buddy_id, user_id, trip_destination_id, person_count, note, invite_status) VALUES (155, 9, 62, 1, 'Excited to join!', 'declined');
INSERT INTO buddy (buddy_id, user_id, trip_destination_id, person_count, note, invite_status) VALUES (156, 24, 62, 4, 'Happy to share accommodation.', 'pending');
INSERT INTO buddy (buddy_id, user_id, trip_destination_id, person_count, note, invite_status) VALUES (157, 20, 62, 3, 'Traveling with kids, hope that\'s okay.', 'declined');
INSERT INTO buddy (buddy_id, user_id, trip_destination_id, person_count, note, invite_status) VALUES (158, 7, 62, 5, 'Happy to share accommodation.', 'declined');
INSERT INTO buddy (buddy_id, user_id, trip_destination_id, person_count, note, invite_status) VALUES (159, 21, 63, 1, 'Excited to join!', 'accepted');
INSERT INTO buddy (buddy_id, user_id, trip_destination_id, person_count, note, invite_status) VALUES (160, 26, 63, 4, 'Excited to join!', 'declined');
INSERT INTO buddy (buddy_id, user_id, trip_destination_id, person_count, note, invite_status) VALUES (161, 24, 64, 2, 'Looking forward to it.', 'accepted');
INSERT INTO buddy (buddy_id, user_id, trip_destination_id, person_count, note, invite_status) VALUES (162, 11, 64, 4, 'Can bring extra gear if needed.', 'pending');
INSERT INTO buddy (buddy_id, user_id, trip_destination_id, person_count, note, invite_status) VALUES (163, 5, 64, 5, 'Flexible with dates and budget.', 'declined');
INSERT INTO buddy (buddy_id, user_id, trip_destination_id, person_count, note, invite_status) VALUES (164, 27, 65, 2, 'Happy to share accommodation.', 'accepted');
INSERT INTO buddy (buddy_id, user_id, trip_destination_id, person_count, note, invite_status) VALUES (165, 26, 65, 3, 'Flexible with dates and budget.', 'pending');
INSERT INTO buddy (buddy_id, user_id, trip_destination_id, person_count, note, invite_status) VALUES (166, 15, 65, 1, 'Can bring extra gear if needed.', 'pending');
INSERT INTO buddy (buddy_id, user_id, trip_destination_id, person_count, note, invite_status) VALUES (167, 28, 66, 5, 'Flexible with dates and budget.', 'pending');
INSERT INTO buddy (buddy_id, user_id, trip_destination_id, person_count, note, invite_status) VALUES (168, 26, 66, 4, 'Excited to join!', 'accepted');
INSERT INTO buddy (buddy_id, user_id, trip_destination_id, person_count, note, invite_status) VALUES (169, 18, 66, 1, 'Prefer early starts.', 'accepted');
INSERT INTO buddy (buddy_id, user_id, trip_destination_id, person_count, note, invite_status) VALUES (170, 22, 66, 3, 'Vegetarian—open to food suggestions.', 'declined');
INSERT INTO buddy (buddy_id, user_id, trip_destination_id, person_count, note, invite_status) VALUES (171, 4, 67, 2, 'Prefer early starts.', 'pending');
INSERT INTO buddy (buddy_id, user_id, trip_destination_id, person_count, note, invite_status) VALUES (172, 20, 67, 5, 'Flexible with dates and budget.', 'declined');
INSERT INTO buddy (buddy_id, user_id, trip_destination_id, person_count, note, invite_status) VALUES (173, 8, 67, 1, 'Prefer early starts.', 'declined');
INSERT INTO buddy (buddy_id, user_id, trip_destination_id, person_count, note, invite_status) VALUES (174, 21, 68, 4, 'Looking forward to it.', 'pending');
INSERT INTO buddy (buddy_id, user_id, trip_destination_id, person_count, note, invite_status) VALUES (175, 2, 68, 1, 'Happy to share accommodation.', 'accepted');
INSERT INTO buddy (buddy_id, user_id, trip_destination_id, person_count, note, invite_status) VALUES (176, 4, 68, 1, 'Traveling with kids, hope that\'s okay.', 'declined');
INSERT INTO buddy (buddy_id, user_id, trip_destination_id, person_count, note, invite_status) VALUES (177, 13, 69, 4, 'Flexible with dates and budget.', 'declined');
INSERT INTO buddy (buddy_id, user_id, trip_destination_id, person_count, note, invite_status) VALUES (178, 24, 69, 5, 'Vegetarian—open to food suggestions.', 'declined');
INSERT INTO buddy (buddy_id, user_id, trip_destination_id, person_count, note, invite_status) VALUES (179, 29, 70, 4, 'Looking forward to it.', 'accepted');
INSERT INTO buddy (buddy_id, user_id, trip_destination_id, person_count, note, invite_status) VALUES (180, 20, 70, 4, 'Happy to share accommodation.', 'pending');
INSERT INTO buddy (buddy_id, user_id, trip_destination_id, person_count, note, invite_status) VALUES (181, 7, 71, 4, 'Prefer early starts.', 'pending');
INSERT INTO buddy (buddy_id, user_id, trip_destination_id, person_count, note, invite_status) VALUES (182, 28, 71, 3, 'Looking forward to it.', 'declined');
INSERT INTO buddy (buddy_id, user_id, trip_destination_id, person_count, note, invite_status) VALUES (183, 12, 71, 5, 'Flexible with dates and budget.', 'pending');
INSERT INTO buddy (buddy_id, user_id, trip_destination_id, person_count, note, invite_status) VALUES (184, 9, 72, 2, 'Looking forward to it.', 'accepted');
INSERT INTO buddy (buddy_id, user_id, trip_destination_id, person_count, note, invite_status) VALUES (185, 3, 72, 2, 'Excited to join!', 'pending');
INSERT INTO buddy (buddy_id, user_id, trip_destination_id, person_count, note, invite_status) VALUES (186, 26, 72, 3, 'Traveling with kids, hope that\'s okay.', 'pending');
INSERT INTO buddy (buddy_id, user_id, trip_destination_id, person_count, note, invite_status) VALUES (187, 26, 72, 5, 'Traveling with kids, hope that\'s okay.', 'pending');
INSERT INTO buddy (buddy_id, user_id, trip_destination_id, person_count, note, invite_status) VALUES (188, 19, 73, 2, 'Traveling with kids, hope that\'s okay.', 'accepted');
INSERT INTO buddy (buddy_id, user_id, trip_destination_id, person_count, note, invite_status) VALUES (189, 25, 73, 2, 'Excited to join!', 'accepted');
INSERT INTO buddy (buddy_id, user_id, trip_destination_id, person_count, note, invite_status) VALUES (190, 5, 74, 5, 'Happy to share accommodation.', 'pending');
INSERT INTO buddy (buddy_id, user_id, trip_destination_id, person_count, note, invite_status) VALUES (191, 4, 74, 1, 'Can bring extra gear if needed.', 'pending');
INSERT INTO buddy (buddy_id, user_id, trip_destination_id, person_count, note, invite_status) VALUES (192, 26, 75, 2, 'Flexible with dates and budget.', 'pending');
INSERT INTO buddy (buddy_id, user_id, trip_destination_id, person_count, note, invite_status) VALUES (193, 6, 75, 3, 'Excited to join!', 'pending');
INSERT INTO buddy (buddy_id, user_id, trip_destination_id, person_count, note, invite_status) VALUES (194, 24, 75, 4, 'Looking forward to it.', 'declined');
INSERT INTO buddy (buddy_id, user_id, trip_destination_id, person_count, note, invite_status) VALUES (195, 16, 76, 4, 'Flexible with dates and budget.', 'declined');
INSERT INTO buddy (buddy_id, user_id, trip_destination_id, person_count, note, invite_status) VALUES (196, 15, 77, 5, 'Traveling with kids, hope that\'s okay.', 'declined');
INSERT INTO buddy (buddy_id, user_id, trip_destination_id, person_count, note, invite_status) VALUES (197, 24, 78, 5, 'Happy to share accommodation.', 'accepted');
INSERT INTO buddy (buddy_id, user_id, trip_destination_id, person_count, note, invite_status) VALUES (198, 2, 79, 4, 'Vegetarian—open to food suggestions.', 'accepted');
INSERT INTO buddy (buddy_id, user_id, trip_destination_id, person_count, note, invite_status) VALUES (199, 16, 80, 4, 'Looking forward to it.', 'pending');
INSERT INTO buddy (buddy_id, user_id, trip_destination_id, person_count, note, invite_status) VALUES (200, 20, 81, 2, 'Looking forward to it.', 'pending');
INSERT INTO buddy (buddy_id, user_id, trip_destination_id, person_count, note, invite_status) VALUES (201, 9, 81, 5, 'Flexible with dates and budget.', 'accepted');
INSERT INTO buddy (buddy_id, user_id, trip_destination_id, person_count, note, invite_status) VALUES (202, 20, 81, 5, 'Happy to share accommodation.', 'accepted');
INSERT INTO buddy (buddy_id, user_id, trip_destination_id, person_count, note, invite_status) VALUES (203, 4, 82, 1, 'Traveling with kids, hope that\'s okay.', 'accepted');
INSERT INTO buddy (buddy_id, user_id, trip_destination_id, person_count, note, invite_status) VALUES (204, 15, 82, 2, 'Vegetarian—open to food suggestions.', 'accepted');
INSERT INTO buddy (buddy_id, user_id, trip_destination_id, person_count, note, invite_status) VALUES (205, 27, 82, 4, 'Vegetarian—open to food suggestions.', 'accepted');
INSERT INTO buddy (buddy_id, user_id, trip_destination_id, person_count, note, invite_status) VALUES (206, 24, 82, 1, 'Flexible with dates and budget.', 'accepted');
INSERT INTO buddy (buddy_id, user_id, trip_destination_id, person_count, note, invite_status) VALUES (207, 22, 83, 3, 'Flexible with dates and budget.', 'pending');
INSERT INTO buddy (buddy_id, user_id, trip_destination_id, person_count, note, invite_status) VALUES (208, 22, 83, 4, 'Looking forward to it.', 'pending');
INSERT INTO buddy (buddy_id, user_id, trip_destination_id, person_count, note, invite_status) VALUES (209, 27, 83, 1, 'Looking forward to it.', 'accepted');
INSERT INTO buddy (buddy_id, user_id, trip_destination_id, person_count, note, invite_status) VALUES (210, 24, 84, 3, 'Can bring extra gear if needed.', 'declined');
INSERT INTO buddy (buddy_id, user_id, trip_destination_id, person_count, note, invite_status) VALUES (211, 19, 85, 5, 'Flexible with dates and budget.', 'declined');
INSERT INTO buddy (buddy_id, user_id, trip_destination_id, person_count, note, invite_status) VALUES (212, 14, 86, 3, 'Vegetarian—open to food suggestions.', 'declined');
INSERT INTO buddy (buddy_id, user_id, trip_destination_id, person_count, note, invite_status) VALUES (213, 10, 87, 5, 'Happy to share accommodation.', 'accepted');
INSERT INTO buddy (buddy_id, user_id, trip_destination_id, person_count, note, invite_status) VALUES (214, 19, 88, 5, 'Traveling with kids, hope that\'s okay.', 'pending');
INSERT INTO buddy (buddy_id, user_id, trip_destination_id, person_count, note, invite_status) VALUES (215, 8, 89, 1, 'Flexible with dates and budget.', 'declined');
INSERT INTO buddy (buddy_id, user_id, trip_destination_id, person_count, note, invite_status) VALUES (216, 12, 89, 1, 'Happy to share accommodation.', 'declined');
INSERT INTO buddy (buddy_id, user_id, trip_destination_id, person_count, note, invite_status) VALUES (217, 8, 89, 4, 'Excited to join!', 'declined');
INSERT INTO buddy (buddy_id, user_id, trip_destination_id, person_count, note, invite_status) VALUES (218, 30, 89, 3, 'Excited to join!', 'pending');
INSERT INTO buddy (buddy_id, user_id, trip_destination_id, person_count, note, invite_status) VALUES (219, 23, 90, 3, 'Flexible with dates and budget.', 'accepted');
INSERT INTO buddy (buddy_id, user_id, trip_destination_id, person_count, note, invite_status) VALUES (220, 1, 90, 2, 'Can bring extra gear if needed.', 'declined');
INSERT INTO buddy (buddy_id, user_id, trip_destination_id, person_count, note, invite_status) VALUES (221, 22, 90, 4, 'Looking forward to it.', 'pending');
INSERT INTO buddy (buddy_id, user_id, trip_destination_id, person_count, note, invite_status) VALUES (222, 3, 91, 5, 'Traveling with kids, hope that\'s okay.', 'accepted');
INSERT INTO buddy (buddy_id, user_id, trip_destination_id, person_count, note, invite_status) VALUES (223, 15, 92, 3, 'Can bring extra gear if needed.', 'accepted');
INSERT INTO buddy (buddy_id, user_id, trip_destination_id, person_count, note, invite_status) VALUES (224, 10, 92, 3, 'Looking forward to it.', 'pending');
INSERT INTO buddy (buddy_id, user_id, trip_destination_id, person_count, note, invite_status) VALUES (225, 5, 92, 2, 'Excited to join!', 'declined');
INSERT INTO buddy (buddy_id, user_id, trip_destination_id, person_count, note, invite_status) VALUES (226, 3, 92, 3, 'Prefer early starts.', 'declined');
INSERT INTO buddy (buddy_id, user_id, trip_destination_id, person_count, note, invite_status) VALUES (227, 16, 93, 5, 'Prefer early starts.', 'accepted');
INSERT INTO buddy (buddy_id, user_id, trip_destination_id, person_count, note, invite_status) VALUES (228, 9, 93, 2, 'Looking forward to it.', 'accepted');
INSERT INTO buddy (buddy_id, user_id, trip_destination_id, person_count, note, invite_status) VALUES (229, 14, 93, 1, 'Happy to share accommodation.', 'declined');
INSERT INTO buddy (buddy_id, user_id, trip_destination_id, person_count, note, invite_status) VALUES (230, 22, 93, 5, 'Prefer early starts.', 'declined');
INSERT INTO buddy (buddy_id, user_id, trip_destination_id, person_count, note, invite_status) VALUES (231, 2, 94, 2, 'Vegetarian—open to food suggestions.', 'declined');
INSERT INTO buddy (buddy_id, user_id, trip_destination_id, person_count, note, invite_status) VALUES (232, 2, 94, 1, 'Traveling with kids, hope that\'s okay.', 'accepted');
INSERT INTO buddy (buddy_id, user_id, trip_destination_id, person_count, note, invite_status) VALUES (233, 7, 94, 2, 'Happy to share accommodation.', 'accepted');
INSERT INTO buddy (buddy_id, user_id, trip_destination_id, person_count, note, invite_status) VALUES (234, 4, 95, 1, 'Prefer early starts.', 'declined');
INSERT INTO buddy (buddy_id, user_id, trip_destination_id, person_count, note, invite_status) VALUES (235, 14, 95, 2, 'Can bring extra gear if needed.', 'accepted');
INSERT INTO buddy (buddy_id, user_id, trip_destination_id, person_count, note, invite_status) VALUES (236, 18, 95, 2, 'Flexible with dates and budget.', 'pending');
INSERT INTO buddy (buddy_id, user_id, trip_destination_id, person_count, note, invite_status) VALUES (237, 28, 96, 1, 'Vegetarian—open to food suggestions.', 'pending');
INSERT INTO buddy (buddy_id, user_id, trip_destination_id, person_count, note, invite_status) VALUES (238, 15, 96, 1, 'Flexible with dates and budget.', 'declined');
INSERT INTO buddy (buddy_id, user_id, trip_destination_id, person_count, note, invite_status) VALUES (239, 14, 96, 5, 'Vegetarian—open to food suggestions.', 'declined');
INSERT INTO buddy (buddy_id, user_id, trip_destination_id, person_count, note, invite_status) VALUES (240, 21, 96, 4, 'Happy to share accommodation.', 'pending');
INSERT INTO buddy (buddy_id, user_id, trip_destination_id, person_count, note, invite_status) VALUES (241, 1, 97, 3, 'Can bring extra gear if needed.', 'declined');
INSERT INTO buddy (buddy_id, user_id, trip_destination_id, person_count, note, invite_status) VALUES (242, 15, 97, 3, 'Looking forward to it.', 'accepted');
INSERT INTO buddy (buddy_id, user_id, trip_destination_id, person_count, note, invite_status) VALUES (243, 28, 97, 1, 'Traveling with kids, hope that\'s okay.', 'accepted');
INSERT INTO buddy (buddy_id, user_id, trip_destination_id, person_count, note, invite_status) VALUES (244, 19, 97, 4, 'Looking forward to it.', 'accepted');
INSERT INTO buddy (buddy_id, user_id, trip_destination_id, person_count, note, invite_status) VALUES (245, 24, 98, 3, 'Traveling with kids, hope that\'s okay.', 'accepted');
INSERT INTO buddy (buddy_id, user_id, trip_destination_id, person_count, note, invite_status) VALUES (246, 25, 98, 2, 'Looking forward to it.', 'declined');
INSERT INTO buddy (buddy_id, user_id, trip_destination_id, person_count, note, invite_status) VALUES (247, 21, 98, 1, 'Traveling with kids, hope that\'s okay.', 'accepted');
INSERT INTO buddy (buddy_id, user_id, trip_destination_id, person_count, note, invite_status) VALUES (248, 24, 99, 2, 'Traveling with kids, hope that\'s okay.', 'pending');
INSERT INTO buddy (buddy_id, user_id, trip_destination_id, person_count, note, invite_status) VALUES (249, 5, 99, 3, 'Traveling with kids, hope that\'s okay.', 'pending');
INSERT INTO buddy (buddy_id, user_id, trip_destination_id, person_count, note, invite_status) VALUES (250, 20, 99, 2, 'Looking forward to it.', 'pending');
INSERT INTO buddy (buddy_id, user_id, trip_destination_id, person_count, note, invite_status) VALUES (251, 15, 100, 5, 'Prefer early starts.', 'declined');
INSERT INTO buddy (buddy_id, user_id, trip_destination_id, person_count, note, invite_status) VALUES (252, 30, 100, 5, 'Flexible with dates and budget.', 'declined');
INSERT INTO buddy (buddy_id, user_id, trip_destination_id, person_count, note, invite_status) VALUES (253, 11, 100, 2, 'Prefer early starts.', 'pending');
INSERT INTO buddy (buddy_id, user_id, trip_destination_id, person_count, note, invite_status) VALUES (254, 16, 100, 4, 'Happy to share accommodation.', 'accepted');
INSERT INTO buddy (buddy_id, user_id, trip_destination_id, person_count, note, invite_status) VALUES (255, 12, 101, 5, 'Looking forward to it.', 'accepted');
INSERT INTO buddy (buddy_id, user_id, trip_destination_id, person_count, note, invite_status) VALUES (256, 15, 102, 1, 'Excited to join!', 'accepted');
INSERT INTO buddy (buddy_id, user_id, trip_destination_id, person_count, note, invite_status) VALUES (257, 27, 102, 3, 'Looking forward to it.', 'declined');
INSERT INTO buddy (buddy_id, user_id, trip_destination_id, person_count, note, invite_status) VALUES (258, 28, 102, 1, 'Vegetarian—open to food suggestions.', 'accepted');
INSERT INTO buddy (buddy_id, user_id, trip_destination_id, person_count, note, invite_status) VALUES (259, 19, 102, 5, 'Excited to join!', 'accepted');
INSERT INTO buddy (buddy_id, user_id, trip_destination_id, person_count, note, invite_status) VALUES (260, 11, 103, 5, 'Prefer early starts.', 'declined');
INSERT INTO buddy (buddy_id, user_id, trip_destination_id, person_count, note, invite_status) VALUES (261, 5, 103, 1, 'Prefer early starts.', 'pending');
INSERT INTO buddy (buddy_id, user_id, trip_destination_id, person_count, note, invite_status) VALUES (262, 23, 104, 1, 'Can bring extra gear if needed.', 'pending');
INSERT INTO buddy (buddy_id, user_id, trip_destination_id, person_count, note, invite_status) VALUES (263, 8, 104, 4, 'Prefer early starts.', 'declined');
INSERT INTO buddy (buddy_id, user_id, trip_destination_id, person_count, note, invite_status) VALUES (264, 17, 104, 5, 'Can bring extra gear if needed.', 'accepted');
INSERT INTO buddy (buddy_id, user_id, trip_destination_id, person_count, note, invite_status) VALUES (265, 30, 105, 3, 'Vegetarian—open to food suggestions.', 'accepted');
INSERT INTO buddy (buddy_id, user_id, trip_destination_id, person_count, note, invite_status) VALUES (266, 25, 105, 3, 'Excited to join!', 'declined');
INSERT INTO buddy (buddy_id, user_id, trip_destination_id, person_count, note, invite_status) VALUES (267, 21, 105, 3, 'Looking forward to it.', 'accepted');
INSERT INTO buddy (buddy_id, user_id, trip_destination_id, person_count, note, invite_status) VALUES (268, 18, 106, 4, 'Happy to share accommodation.', 'accepted');
INSERT INTO buddy (buddy_id, user_id, trip_destination_id, person_count, note, invite_status) VALUES (269, 11, 107, 1, 'Can bring extra gear if needed.', 'accepted');
INSERT INTO buddy (buddy_id, user_id, trip_destination_id, person_count, note, invite_status) VALUES (270, 10, 107, 4, 'Can bring extra gear if needed.', 'declined');
INSERT INTO buddy (buddy_id, user_id, trip_destination_id, person_count, note, invite_status) VALUES (271, 10, 108, 5, 'Vegetarian—open to food suggestions.', 'declined');
INSERT INTO buddy (buddy_id, user_id, trip_destination_id, person_count, note, invite_status) VALUES (272, 27, 109, 2, 'Looking forward to it.', 'declined');
INSERT INTO buddy (buddy_id, user_id, trip_destination_id, person_count, note, invite_status) VALUES (273, 22, 109, 4, 'Flexible with dates and budget.', 'pending');
INSERT INTO buddy (buddy_id, user_id, trip_destination_id, person_count, note, invite_status) VALUES (274, 12, 109, 3, 'Can bring extra gear if needed.', 'pending');
INSERT INTO buddy (buddy_id, user_id, trip_destination_id, person_count, note, invite_status) VALUES (275, 25, 110, 4, 'Traveling with kids, hope that\'s okay.', 'pending');
INSERT INTO buddy (buddy_id, user_id, trip_destination_id, person_count, note, invite_status) VALUES (276, 5, 110, 2, 'Looking forward to it.', 'accepted');
INSERT INTO buddy (buddy_id, user_id, trip_destination_id, person_count, note, invite_status) VALUES (277, 28, 110, 1, 'Excited to join!', 'declined');
INSERT INTO buddy (buddy_id, user_id, trip_destination_id, person_count, note, invite_status) VALUES (278, 29, 111, 5, 'Can bring extra gear if needed.', 'declined');
INSERT INTO buddy (buddy_id, user_id, trip_destination_id, person_count, note, invite_status) VALUES (279, 13, 111, 2, 'Can bring extra gear if needed.', 'pending');
INSERT INTO buddy (buddy_id, user_id, trip_destination_id, person_count, note, invite_status) VALUES (280, 27, 111, 5, 'Can bring extra gear if needed.', 'declined');
INSERT INTO buddy (buddy_id, user_id, trip_destination_id, person_count, note, invite_status) VALUES (281, 2, 112, 4, 'Flexible with dates and budget.', 'declined');
INSERT INTO buddy (buddy_id, user_id, trip_destination_id, person_count, note, invite_status) VALUES (282, 24, 112, 2, 'Prefer early starts.', 'declined');
INSERT INTO buddy (buddy_id, user_id, trip_destination_id, person_count, note, invite_status) VALUES (283, 10, 112, 4, 'Traveling with kids, hope that\'s okay.', 'declined');
INSERT INTO buddy (buddy_id, user_id, trip_destination_id, person_count, note, invite_status) VALUES (284, 8, 112, 3, 'Prefer early starts.', 'pending');
INSERT INTO buddy (buddy_id, user_id, trip_destination_id, person_count, note, invite_status) VALUES (285, 22, 113, 5, 'Prefer early starts.', 'accepted');
INSERT INTO buddy (buddy_id, user_id, trip_destination_id, person_count, note, invite_status) VALUES (286, 25, 113, 3, 'Vegetarian—open to food suggestions.', 'declined');
INSERT INTO buddy (buddy_id, user_id, trip_destination_id, person_count, note, invite_status) VALUES (287, 17, 113, 4, 'Can bring extra gear if needed.', 'pending');
INSERT INTO buddy (buddy_id, user_id, trip_destination_id, person_count, note, invite_status) VALUES (288, 28, 114, 3, 'Excited to join!', 'declined');
INSERT INTO buddy (buddy_id, user_id, trip_destination_id, person_count, note, invite_status) VALUES (289, 16, 114, 3, 'Looking forward to it.', 'declined');
INSERT INTO buddy (buddy_id, user_id, trip_destination_id, person_count, note, invite_status) VALUES (290, 10, 115, 1, 'Can bring extra gear if needed.', 'accepted');
INSERT INTO buddy (buddy_id, user_id, trip_destination_id, person_count, note, invite_status) VALUES (291, 29, 116, 5, 'Can bring extra gear if needed.', 'accepted');
INSERT INTO buddy (buddy_id, user_id, trip_destination_id, person_count, note, invite_status) VALUES (292, 3, 116, 2, 'Prefer early starts.', 'accepted');
INSERT INTO buddy (buddy_id, user_id, trip_destination_id, person_count, note, invite_status) VALUES (293, 30, 116, 1, 'Vegetarian—open to food suggestions.', 'pending');
INSERT INTO buddy (buddy_id, user_id, trip_destination_id, person_count, note, invite_status) VALUES (294, 13, 116, 5, 'Flexible with dates and budget.', 'pending');
INSERT INTO buddy (buddy_id, user_id, trip_destination_id, person_count, note, invite_status) VALUES (295, 3, 117, 3, 'Traveling with kids, hope that\'s okay.', 'pending');
INSERT INTO buddy (buddy_id, user_id, trip_destination_id, person_count, note, invite_status) VALUES (296, 11, 117, 1, 'Flexible with dates and budget.', 'pending');
INSERT INTO buddy (buddy_id, user_id, trip_destination_id, person_count, note, invite_status) VALUES (297, 5, 117, 1, 'Happy to share accommodation.', 'accepted');
INSERT INTO buddy (buddy_id, user_id, trip_destination_id, person_count, note, invite_status) VALUES (298, 23, 117, 2, 'Prefer early starts.', 'accepted');
INSERT INTO buddy (buddy_id, user_id, trip_destination_id, person_count, note, invite_status) VALUES (299, 29, 118, 1, 'Excited to join!', 'accepted');
INSERT INTO buddy (buddy_id, user_id, trip_destination_id, person_count, note, invite_status) VALUES (300, 27, 119, 2, 'Vegetarian—open to food suggestions.', 'pending');
INSERT INTO buddy (buddy_id, user_id, trip_destination_id, person_count, note, invite_status) VALUES (301, 25, 119, 3, 'Traveling with kids, hope that\'s okay.', 'accepted');
INSERT INTO buddy (buddy_id, user_id, trip_destination_id, person_count, note, invite_status) VALUES (302, 2, 120, 2, 'Vegetarian—open to food suggestions.', 'declined');
INSERT INTO buddy (buddy_id, user_id, trip_destination_id, person_count, note, invite_status) VALUES (303, 3, 121, 1, 'Prefer early starts.', 'declined');
INSERT INTO buddy (buddy_id, user_id, trip_destination_id, person_count, note, invite_status) VALUES (304, 18, 121, 1, 'Traveling with kids, hope that\'s okay.', 'declined');
INSERT INTO buddy (buddy_id, user_id, trip_destination_id, person_count, note, invite_status) VALUES (305, 5, 121, 3, 'Vegetarian—open to food suggestions.', 'pending');
INSERT INTO buddy (buddy_id, user_id, trip_destination_id, person_count, note, invite_status) VALUES (306, 20, 121, 3, 'Traveling with kids, hope that\'s okay.', 'declined');
INSERT INTO buddy (buddy_id, user_id, trip_destination_id, person_count, note, invite_status) VALUES (307, 6, 122, 1, 'Flexible with dates and budget.', 'pending');
INSERT INTO buddy (buddy_id, user_id, trip_destination_id, person_count, note, invite_status) VALUES (308, 17, 122, 5, 'Excited to join!', 'accepted');
INSERT INTO buddy (buddy_id, user_id, trip_destination_id, person_count, note, invite_status) VALUES (309, 28, 122, 4, 'Excited to join!', 'declined');
INSERT INTO buddy (buddy_id, user_id, trip_destination_id, person_count, note, invite_status) VALUES (310, 13, 122, 3, 'Happy to share accommodation.', 'declined');
INSERT INTO buddy (buddy_id, user_id, trip_destination_id, person_count, note, invite_status) VALUES (311, 12, 123, 1, 'Flexible with dates and budget.', 'pending');
INSERT INTO buddy (buddy_id, user_id, trip_destination_id, person_count, note, invite_status) VALUES (312, 25, 124, 5, 'Flexible with dates and budget.', 'pending');
INSERT INTO buddy (buddy_id, user_id, trip_destination_id, person_count, note, invite_status) VALUES (313, 12, 125, 5, 'Flexible with dates and budget.', 'declined');
INSERT INTO buddy (buddy_id, user_id, trip_destination_id, person_count, note, invite_status) VALUES (314, 27, 126, 4, 'Prefer early starts.', 'declined');
INSERT INTO buddy (buddy_id, user_id, trip_destination_id, person_count, note, invite_status) VALUES (315, 6, 126, 2, 'Looking forward to it.', 'declined');